ext_id, first_name, last_name, honorific, birthyear, deathyear, pref_label, orig_label, bnf_notes
2, NULL, NULL, NULL, 1622, 1673, 'Jean-Baptiste Poquelin dit Molière', NULL, NULL
4, NULL, NULL, NULL, NULL, NULL, 'Pierre Nicolas Brunet Debaines', NULL, NULL
5, NULL, NULL, NULL, 1694, 1778, 'François-Marie Arouet dit Voltaire', NULL, 'Écrivain et philosophe. - Membre de l''Académie française (1746)'
6, NULL, NULL, NULL, NULL, NULL, 'André Pépin Bellement', NULL, NULL
8, NULL, 'unidentified', NULL, NULL, NULL, 'unidentified', NULL, NULL
10, NULL, 'Sauvigny', NULL, NULL, NULL, 'Sauvigny', NULL, NULL
11, NULL, NULL, NULL, NULL, NULL, 'Marc-Antoine Legrand / Le Grand', NULL, NULL
12, NULL, 'Laujon', NULL, NULL, NULL, 'Laujon', NULL, NULL
14, NULL, NULL, NULL, 1661, 1725, 'Florent Carton dit Dancourt', NULL, 'Acteur, sociétaire de la Comédie française (1685-1718). - Auteur dramatique'
17, 'Olivier Hubert Angélique Gourjaut de Mauprie', 'Mauprie', 'marquis', NULL, NULL, 'Mauprie (Olivier Hubert Angélique Gourjaut de Mauprie, marquis de)', NULL, NULL
22, NULL, NULL, NULL, NULL, NULL, 'M. Duis', NULL, NULL
23, NULL, NULL, NULL, NULL, NULL, 'Sieur Gilles de Caux de Montlebert et M. Charles-Jean-François Hénault', 'le Président Hénault', NULL
24, NULL, NULL, NULL, 1761, 1819, 'M. François-Guillaume Ducray-Duminil', NULL, 'Auteur dramatique. - Poète. - Chansonnier. - Romancier. - Journaliste. - Membre, Accademia degli Arcadi, Rome'
25, NULL, NULL, NULL, NULL, NULL, 'M. Alexandre-Guillaume Moulier de Moissy', NULL, NULL
26, 'Pierre de Toulouse', 'Rousseau', NULL, NULL, NULL, 'Rousseau (Pierre de Toulouse)', NULL, NULL
27, NULL, NULL, NULL, NULL, NULL, 'M. Alexandre-Louis-Bertrand Robineau', 'Beaunoir', NULL
29, NULL, NULL, NULL, NULL, NULL, 'M. Henri-Alex. Allaire', NULL, NULL
30, 'Edme-Louis Billardon de', 'Sauvigny', NULL, 1736, 1812, 'Sauvigny (Edme-Louis Billardon de)', NULL, 'Auteur dramatique, librettiste, poète et polygraphe. - Censeur royal (1776-1788). - Membre de la Commune de Paris en 1789-1790 et officier militaire'
31, 'Joseph-François', 'Duché de Vancy', NULL, 1668, 1704, 'Duché de Vancy (Joseph-François)', NULL, 'Auteur dramatique. - Librettiste. - Membre de l''Académie des Inscriptions et Belles Lettres'
33, 'Gérard', 'Dudoyer de Gastels', NULL, 1732, 1797, 'Dudoyer de Gastels (Gérard)', NULL, 'Auteur dramatique'
34, 'P.', 'Dercy', NULL, NULL, NULL, 'Dercy (P.)', NULL, NULL
36, 'Joseph François', 'Laignelot', NULL, 1752, 1829, 'Laignelot (Joseph François)', NULL, 'Auteur dramatique. - Député de Paris à la Convention'
41, 'Jean-Baptiste', 'Lonvay de La Saussaye', NULL, NULL, NULL, 'Lonvay de La Saussaye (Jean-Baptiste)', NULL, NULL
42, 'Nicolas', 'Fallet', NULL, 1746, 1801, 'Fallet (Nicolas)', NULL, 'Auteur dramatique, librettiste. - Collabore à la "Gazette de France" et au "Journal de Paris"'
43, 'Nicolas-Michel', 'Linant', NULL, 1709, 1749, 'Linant (Nicolas-Michel)', NULL, 'Littérateur'
44, 'Augustin-Louis de', 'Ximénès', NULL, 1728, 1817, 'Ximénès (Augustin-Louis de)', NULL, 'Poète et auteur dramatique. - Marquis'
48, NULL, 'Mauger', NULL, NULL, NULL, 'Mauger', NULL, NULL
53, 'Michel', 'Portelance', NULL, NULL, NULL, 'Portelance (Michel)', NULL, NULL
54, NULL, 'Voiron', NULL, NULL, NULL, 'Voiron', NULL, NULL
55, NULL, 'Baragué', NULL, NULL, NULL, 'Baragué', NULL, NULL
59, 'Charles-Pierre', 'Colardeau', NULL, 1732, 1776, 'Colardeau (Charles-Pierre)', NULL, 'Poète et auteur dramatique. - Membre de l''Institut, académie française (élu en 1776)'
60, 'Jean-Baptiste Vivien de', 'Châteaubrun', NULL, 1686, 1775, 'Châteaubrun (Jean-Baptiste Vivien de)', NULL, 'Poète et auteur dramatique. - Précepteur de Louis-Philippe-Joseph d''Orléans (1747-1793). - Membre de l''Académie française (élu en 1755)'
61, NULL, NULL, NULL, NULL, NULL, 'Richerolle d''Avallon', NULL, NULL
62, 'Jean-Baptiste', 'Moreau', NULL, NULL, NULL, 'Moreau (Jean-Baptiste)', NULL, NULL
63, 'Jean-Baptiste-Robert ou Robert', 'Boistel d''Welles', NULL, NULL, NULL, 'Boistel d''Welles (Jean-Baptiste-Robert ou Robert)', NULL, NULL
66, 'Ernest', 'de Manteufel', NULL, NULL, NULL, 'Manteufel (Ernest de)', NULL, NULL
38, 'Louis', 'Poinsinet de Sivry', NULL, 1733, 1804, 'Poinsinet de Sivry (Louis)', NULL, 'Littérateur'
68, 'Paul-Philippe', 'Gudin de La Brenellerie', NULL, 1738, 1820, 'Gudin de La Brenellerie (Paul-Philippe)', NULL, 'Auteur dramatique. - Ami et éditeur de Pierre-Augustin Caron de Beaumarchais'
69, NULL, NULL, NULL, NULL, NULL, 'Rowe (Nicholas), auteur / Laplace (Pierre-Antoine de) ou Séran de La Tour (abbé) ou Mauprié (marquis de), traducteur', NULL, NULL
67, 'Marie-Joseph de', 'Chénier', NULL, 1764, 1811, 'Chénier (Marie-Joseph de)', NULL, 'Membre de la Convention, du Conseil des Cinq Cents et du Tribunat. - Auteur de tragédies et parolier de nombreux chants révolutionnaires, notamment du "Chant du départ". - Membre de l''Académie française (1803). - Frère d''André Chénier'
74, 'Honoré', 'Riouffé', NULL, 1764, 1813, 'Riouffé (Honoré)', NULL, 'Homme politique. - Administrateur. - Homme de lettres'
75, 'Pierre-François-Alexandre', 'Lefèvre', NULL, NULL, NULL, 'Lefèvre (Pierre-François-Alexandre)', NULL, NULL
76, 'Jean-François Juvenon de La Tuillerie', 'La Tuillerie', 'dit', NULL, NULL, 'La Tuillerie (Jean-François Juvenon de La Tuillerie, dit)', NULL, NULL
77, 'Noël Lebreton', 'Hauteroche', 'sieur', NULL, NULL, 'Hauteroche (Noël Lebreton, sieur de)', NULL, NULL
78, 'Jean-François Juvenon', 'La Tuillerie', NULL, NULL, NULL, 'La Tuillerie (Jean-François Juvenon)', NULL, NULL
80, 'Antoine', 'Maillet-Duclairon', NULL, 1721, 1809, 'Maillet-Duclairon (Antoine)', NULL, 'A aussi traduit de l''anglais en français Auteur dramatique. - Censeur royal. - Consul en Hollande. - Négociant'
1, 'Jean-François', 'Regnard', NULL, 1655, 1709, 'Regnard (Jean-François)', NULL, 'Poète comique, auteur de récits de voyages et de comédies'
82, 'Jean-Jacques', 'Le Franc de Pompignan', NULL, 1709, 1784, 'Le Franc de Pompignan (Jean-Jacques)', NULL, 'A aussi traduit du grec et du latin en français et écrit en latin Premier président de la Cour des aides de Montauban. - Membre de l''Académie française (élu en 1759). - Poète et auteur de tragédies. - Ennemi des Encyclopédistes. - Traducteur d''Eschyle et de Virgile'
57, 'Jean-François', 'Marmontel', NULL, 1723, 1799, 'Marmontel (Jean-François)', NULL, 'Membre de l''Académie française (élu en 1763). - Directeur du Mercure de France (1758-1760). - Historiographe de France (1771). - Auteur dramatique, librettiste, romancier et poète. - Membre du Conseil des anciens (1797)'
87, 'Michel Paul Guy de', 'Chabanon', NULL, 1730, 1792, 'Chabanon (Michel Paul Guy de)', NULL, 'Auteur de tragédies. - Musicien et musicographe. - Traducteur de Pindare et de Théocrite. - Membre de l''Académie royale des inscriptions et belles-lettres (en 1759). Membre de l''Académie française (élu en 1779). - Frère de : Chabanon de Maugris (1736-1780) et de Chabanon, Charles de'
93, 'Françoise-Marie-Antoinette-Josèphe Saucerotte dite Mademoiselle', 'Raucourt', NULL, NULL, NULL, 'Raucourt (Françoise-Marie-Antoinette-Josèphe Saucerotte dite Mademoiselle)', NULL, NULL
94, 'Jean-Julien-Constantin', 'Renout', NULL, NULL, NULL, 'Renout (Jean-Julien-Constantin)', NULL, NULL
95, 'Marc-Antoine-Jacques', 'Rochon de Chabannes', NULL, 1730, 1800, 'Rochon de Chabannes (Marc-Antoine-Jacques)', NULL, 'Auteur dramatique'
96, 'Edme-Louis', 'Billardon de Sauvigny', NULL, NULL, NULL, 'Billardon de Sauvigny (Edme-Louis)', NULL, NULL
97, 'Théodore', 'de Riupeirous', NULL, NULL, NULL, 'Riupeirous (Théodore de)', NULL, NULL
58, 'Antoine-Marin', 'Le Mierre', NULL, 1723, 1793, 'Le Mierre (Antoine-Marin)', NULL, 'Poète et dramaturge, auteur de tragédies déclamatoires contre le despotisme et les prêtres. - Membre de l''Académie française (élu en 1780)'
98, 'Antoine Houdar', 'de La Motte', NULL, NULL, NULL, 'La Motte (Antoine Houdar de)', NULL, NULL
45, 'François-Joseph de', 'La Grange-Chancel', NULL, 1677, 1758, 'La Grange-Chancel (François-Joseph de)', NULL, 'Homme de lettres'
99, 'Claude', 'Guimond de La Touche', NULL, 1723, 1760, 'Guimond de La Touche (Claude)', NULL, 'Jésuite du 14 septembre 1739 à 1753. - Professa à Rouen jusqu''en 1748 ; étudiant en théologie à Paris en 1753. - Dramaturge'
101, 'Stéphanie-Félicité du Crest', 'Genlis', 'comtesse', NULL, NULL, 'Genlis (Stéphanie-Félicité du Crest, comtesse de)', NULL, NULL
102, 'Dominique-Vivant', 'Denon', NULL, 1747, 1825, 'Denon (Dominique-Vivant)', NULL, 'Peintre, graveur, dessinateur. - Diplomate de 1772 à 1785, directeur des Musées de France de 1802 à 1815, organisateur du Musée du Louvre'
103, 'François-Louis-Claude', 'Marin', NULL, 1721, 1809, 'Marin (François-Louis-Claude)', NULL, 'A aussi traduit de l''anglais en français Avocat au Parlement. - Auteur dramatique et gazetier. - Directeur de la "Gazette de France" (1771-1774) et secrétaire général de la direction de la librairie (1763-1774)'
106, 'François-Jean', 'Villemain d''Abancourt', NULL, 1745, 1803, 'Villemain d''Abancourt (François-Jean)', NULL, 'Auteur dramatique et poète'
81, 'Germain-François Poullain de', 'Saint-Foix', NULL, 1698, 1776, 'Saint-Foix (Germain-François Poullain de)', NULL, 'Auteur dramatique'
107, 'Charlotte-Jeanne Béraud de La Haie de Riou', 'Montesson', 'comtesse', NULL, NULL, 'Montesson (Charlotte-Jeanne Béraud de La Haie de Riou, comtesse de)', NULL, NULL
108, 'Jean-Baptiste Simon Sauvé de La Noue', 'La Noue', 'dit', NULL, NULL, 'La Noue (Jean-Baptiste Simon Sauvé de La Noue, dit)', NULL, NULL
109, NULL, NULL, NULL, NULL, NULL, 'Michel Boyron', 'Baron', NULL
111, 'Charles Chevillet', 'Champmeslé', 'sieur de Champmeslé, dit', NULL, NULL, 'Champmeslé (Charles Chevillet, sieur de Champmeslé, dit)', NULL, NULL
112, 'Jacques Rochette de', 'La Morlière', NULL, 1719, 1785, 'La Morlière (Jacques Rochette de)', NULL, 'Critique dramatique. - Auteur de pièces de théâtre et de romans'
113, 'Pierre-Louis', 'Moline', NULL, 1740, 1820, 'Moline (Pierre-Louis)', NULL, 'Avocat au Parlement. - Poète et auteur dramatique'
117, 'Fanny de', 'Beauharnais', NULL, 1737, 1813, 'Beauharnais (Fanny de)', NULL, 'Femme de lettres, romancière et poète'
49, 'Pierre-Claude', 'La Chaussée', NULL, 1692, 1754, 'La Chaussée (Pierre-Claude)', NULL, 'Auteur dramatique. - Membre de l''Académie française (élu en 1736)'
70, 'Françoise de', 'Graffigny', NULL, 1695, 1758, 'Graffigny (Françoise de)', NULL, 'Femme de lettres, amie des philosophes. - Auteur de comédies de sentiment, de lettres fictives. - Fréquenta Voltaire à Cirey et la Cour de Vienne'
119, NULL, 'Yon', NULL, NULL, NULL, 'Yon', NULL, NULL
20, NULL, NULL, NULL, 1680, 1754, 'Destouches', 'Destouches', 'Comédien, puis auteur dramatique. - Membre de l''Institut, Académie française (élu en 1723). - Destouches est le nom de scène de Philippe Néricault'
120, NULL, NULL, NULL, NULL, NULL, 'Colomb de Seillans', NULL, NULL
124, NULL, NULL, NULL, NULL, NULL, 'Harny de Guerville', NULL, NULL
125, 'Jacques', 'Autreau', NULL, 1657, 1745, 'Autreau (Jacques)', NULL, 'Peintre, poète et auteur de comédies'
126, 'Louis-Sebastien', 'Mercier', NULL, 1740, 1814, 'Mercier (Louis-Sebastien)', NULL, 'Auteur dramatique, romancier et journaliste. - Membre de l''Académie des sciences morales et politiques (élu en 1795). - Député de Seine-et-Oise à la Convention puis au Conseil des Cinq-Cents. - Membre de la loge des Sept soeurs. - Auteur du drame "Jean Hennuyer, évêque de Lizieux", imprimé en 1772 sous le nom de Voltaire'
127, 'Nicolas-Thomas', 'Barthe', NULL, 1736, 1785, 'Barthe (Nicolas-Thomas)', NULL, 'Poète et auteur dramatique. - Fut académicien de Marseille (1759-) et, à Paris, membre de la Société bachique de Grimod de la Reynière'
128, 'Gabriel-Marie', 'Legouvé', NULL, NULL, NULL, 'Legouvé (Gabriel-Marie)', NULL, NULL
122, 'Michel de', 'Cubières-Palmézeaux', NULL, 1752, 1820, 'Cubières-Palmézeaux (Michel de)', NULL, 'Littérateur, poète et philosophe. - Ami de Dorat. - A édité de nombreux auteurs du XVIIIe siècle. - Collabora au "Mercure de France", au "Journal encyclopédique" et à la "Décade"'
129, 'Pierre', 'La Montagne', 'baron', NULL, NULL, 'La Montagne (Pierre, baron de)', NULL, NULL
18, 'Barthélemy-Christophe', 'Fagan', NULL, 1702, 1755, 'Fagan (Barthélemy-Christophe)', NULL, 'Auteur de comédies et de parades pour le théâtre de la Foire'
131, NULL, NULL, NULL, NULL, NULL, 'Marc-Antoine Legrand', 'Madame Delorme', NULL
132, 'Jean-Baptiste', 'Lourdet de Santerre', NULL, 1735, 1815, 'Lourdet de Santerre (Jean-Baptiste)', NULL, 'Auteur dramatique. - Maître des comptes en 1766. - Conseiller du Roi'
133, NULL, 'Martel', NULL, NULL, NULL, 'Martel', NULL, NULL
134, 'Alexandre-Guillaume de', 'Moissy', NULL, 1712, 1777, 'Moissy (Alexandre-Guillaume de)', NULL, 'Auteur dramatique'
86, 'Charles', 'Collé', NULL, 1709, 1783, 'Collé (Charles)', NULL, 'Lecteur du duc d'' Orléans. - Auteur dramatique, chansonnier et mémorialiste'
104, 'Louis-Jean-Baptiste-Étienne', 'Vigée', NULL, 1758, 1820, 'Vigée (Louis-Jean-Baptiste-Étienne)', NULL, 'Poète et auteur dramatique. - Révolutionnaire, membre de la Commune de Paris (en 1790)'
72, 'Jacques-Marie', 'Boutet de Monvel', NULL, 1745, 1812, 'Boutet de Monvel (Jacques-Marie)', NULL, 'Acteur et auteur dramatique. - Sociétaire de la Comédie française'
100, 'Jean-Louis', 'Laya', NULL, 1761, 1833, 'Laya (Jean-Louis)', NULL, 'Critique et auteur dramatique. - Membre de l''Académie française (élu en 1817). - Père d''Alexandre Laya (1809-1877) et de Léon Laya (1811-1872)'
136, 'Françoise-Cécile', 'Falconnet', NULL, 1738, 1819, 'Falconnet (Françoise-Cécile)', NULL, 'Auteur dramatique. - Épouse d''Ambroise Falconnet (1742-1817)'
137, 'François-Joachim de Pierres', 'Bernis', 'cardinal', NULL, NULL, 'Bernis (François-Joachim de Pierres, cardinal de)', NULL, NULL
138, 'Adélaïde-Gillette Billet', 'Dufrénoy', NULL, 1765, 1825, 'Dufrénoy (Adélaïde-Gillette Billet)', NULL, 'Poète, romancière et essayiste. - Épouse du procureur Petit-Dufrénoy. - Morte le 7 ou 8 mars 1825'
139, 'Charles-Simon', 'Favart', NULL, 1710, 1792, 'Favart (Charles-Simon)', NULL, 'Auteur de comédies, de vaudevilles et de livrets pour l''Opéra Comique. - Directeur de l''Opéra Comique (1758)'
141, 'Charles-Louis', 'Lesur', NULL, 1770, 1849, 'Lesur (Charles-Louis)', NULL, 'Littérateur. - Publiciste'
142, 'Augustin-Théodore-Vincent', 'Lebeau de Schosne', NULL, NULL, NULL, 'Lebeau de Schosne (Augustin-Théodore-Vincent)', NULL, NULL
143, '', 'd''Oisemont', NULL, NULL, NULL, 'Oisemont (d'')', NULL, NULL
146, 'Jean-Nicolas', 'Fournelle', NULL, 1730, 1777, 'Fournelle (Jean-Nicolas)', NULL, 'Employé aux finances'
149, 'Joseph', 'Pilhes', NULL, NULL, NULL, 'Pilhes (Joseph)', NULL, NULL
150, NULL, NULL, NULL, 1720, 1793, 'Dampierre de la Salle', NULL, 'Intendant des vivres militaires. - Auteur dramatique'
151, 'Carlo', 'Goldoni', NULL, 1707, 1793, 'Goldoni (Carlo)', NULL, 'Auteur dramatique'
152, 'Jean-Baptiste', 'Artaud', NULL, 1732, 1796, 'Artaud (Jean-Baptiste)', NULL, 'Écrivain'
153, 'Antoine-Alexandre-Henri', 'Poinsinet', NULL, 1735, 1769, 'Poinsinet (Antoine-Alexandre-Henri)', NULL, 'Auteur dramatique. - A été membre de l''Académie de Dijon'
154, NULL, 'Simon-Chauvot', NULL, NULL, NULL, 'Simon-Chauvot', NULL, NULL
155, 'Antoine de Fériol', 'Pont-de-Veyle', 'comte', NULL, NULL, 'Pont-de-Veyle (Antoine de Fériol, comte de)', NULL, NULL
156, 'François-Thomas-Marie de Baculard d''', 'Arnaud', NULL, 1718, 1805, 'Arnaud (François-Thomas-Marie de Baculard d'')', NULL, 'Poète, romancier, auteur dramatique'
135, 'Louis de', 'Cahusac', NULL, 1706, 1759, 'Cahusac (Louis de)', NULL, 'Auteur dramatique. - Membre de l''Académie de Berlin'
157, 'Jean', 'de Palaprat', NULL, NULL, NULL, 'Palaprat (Jean de)', NULL, NULL
158, 'Charles-Albert', 'Demoustier', NULL, 1760, 1807, 'Demoustier (Charles-Albert)', NULL, 'Poète et auteur dramatique. - A été avocat au Parlement de Paris et membre de l''Institut'
159, 'Michel', 'Guyot de Merville', NULL, 1676, 1755, 'Guyot de Merville (Michel)', NULL, 'Homme de lettres. - Voyagea en Europe, se fixa un temps  à La Haye, où il publia le périodique "Histoire littéraire de l''Europe". - Polémiqua avec Voltaire. - Fit jouer du théâtre à la Comédie française et au Théâtre italien'
160, 'Louis-Benoît', 'Picard', NULL, 1769, 1828, 'Picard (Louis-Benoît)', NULL, 'Acteur et auteur dramatique. - Librettiste. - Directeur de divers théâtres : Louvois, Impératrice, Opéra, Odéon. - Membre de l''Académie française (élu en 1807)'
161, 'Marie-Émilie de', 'Montanclos', NULL, 1736, 1812, 'Montanclos (Marie-Émilie de)', NULL, 'Femme de lettres, directrice du "Journal des dames" (1774-1785). - État-civil : Mayon, Marie-Émilie, épouse du baron de Princen puis de Charlemagne Cuvelier-Grandin de Montanclos'
162, 'Charles-Georges', 'Fenouillot de Falbaire de Quingey', NULL, 1727, 1800, 'Fenouillot de Falbaire de Quingey (Charles-Georges)', NULL, 'Poète et auteur dramatique. - Régisseur des Salines de Salins, puis Inspecteur général des Salines de l''Est de 1782  à 1787'
163, NULL, NULL, NULL, NULL, NULL, 'Lattaignant de Bainville', NULL, NULL
164, 'Louis-Jean-Baptiste', 'Simonet de Maisonneuve', NULL, NULL, NULL, 'Simonet de Maisonneuve (Louis-Jean-Baptiste)', NULL, NULL
165, 'Jacques du', 'Vaure', NULL, NULL, NULL, 'Vaure (Jacques du)', NULL, NULL
166, 'Thomas', 'arrangée et versifiée par Corneille', NULL, NULL, NULL, 'arrangée et versifiée par Corneille (Thomas)', NULL, NULL
167, 'Denis', 'Diderot', NULL, 1713, 1784, 'Diderot (Denis)', NULL, 'Philosophe et homme de lettres'
110, 'Jean de', 'La Fontaine', NULL, 1621, 1695, 'La Fontaine (Jean de)', NULL, 'Poète, fabuliste, conteur et auteur dramatique. - Maître des Eaux-et-forêts. - Membre de l''Académie française (élu en 1684)'
169, 'Louis', 'Dussieux', NULL, 1744, 1805, 'Dussieux (Louis)', NULL, 'Écrivain, historien et agronome. - Journaliste, rédacteur du "Journal de Paris", collaborateur de la "Collection universelle des Mémoires particuliers relatifs à l''Histoire de France". - Proscrit comme Girondin, membre du conseil des Anciens A aussi traduit de l''italien et de l''allemand en français'
116, 'Barthélemy', 'Imbert', NULL, 1747, 1790, 'Imbert (Barthélemy)', NULL, 'Variante(s) de prénom : Bartolommeo. - Homme de lettres, journaliste et éditeur. - Fils d''un fabricant de bas de Nîmes. Membre de l''académie de Nîmes. Se fixe à Paris en 1770 ou peu avant. Auteur dramatique, poète et romancier. Emprisonné en janv. 1775 au For(t)-l''Évêque pour des couplets insultants à la mémoire du feu roi Louis XV. En faillite en fév. 1777, il se retire pour un temps à Liège avant de rentrer à Paris. Rédacteur de 1778 à 1790 de la partie dramatique du "Mercure de France" dirigé par Charles-Joseph Panckoucke, dont il est directeur adjoint à partir de 1786 env. Collabore aussi à la "Bibliothèque universelle des romans" à partir de 1779 env. Coéditeur avec Claude-Sixte Sautreau de Marsy des "Annales poétiques..." qu''ils diffusent de 1779 à 1788 à leur adresse ("chez les éditeurs"), successivement rue Saint-Nicaise et rue de la Jussienne. Décédé à Paris en août 1790'
170, 'Jean-François de', 'Bastide', NULL, 1724, 1798, 'Bastide (Jean-François de)', NULL, NULL
171, 'Joseph', 'Aude', NULL, 1755, 1841, 'Aude (Joseph)', NULL, 'Auteur dramatique, auteur de vaudevilles et de parodies. - Secrétaire particulier de Buffon. - Chevalier de Malte, membre de la Commission italienne aux archives de France'
172, 'Louis', 'de Laus de Boissy', NULL, NULL, NULL, 'Laus de Boissy (Louis de)', NULL, NULL
32, 'Claude-Joseph', 'Dorat', NULL, 1734, 1780, 'Dorat (Claude-Joseph)', NULL, 'Auteur de contes, de poèmes et de fables. - Auteur dramatique'
174, 'Pierre-René', 'Lemonnier', NULL, 1731, 1796, 'Lemonnier (Pierre-René)', NULL, 'Auteur dramatique. - Librettiste. - Commissaire des guerres'
145, 'Jean-Louis', 'Brousse-Desfaucherets', NULL, 1742, 1808, 'Brousse-Desfaucherets (Jean-Louis)', NULL, 'Auteur dramatique. - Fut membre du Directoire du département de la Seine (en 1791), administrateur des hospices puis censeur au Ministère de la police. - Fut chargé d''inventorier les papiers de la Bastille'
176, 'Louis', 'Anseaume', NULL, 1721, 1784, 'Anseaume (Louis) ; Marcouville (Pierre-Augustin Lefèvre de Marcouville dit)', NULL, 'Auteur dramatique et librettiste. - Souffleur au Théâtre italien, puis sous-directeur de l''Opéra comique'
177, NULL, 'Alliot', NULL, NULL, NULL, 'Alliot', NULL, NULL
178, 'Simon-Joseph', 'Pellegrin', NULL, 1663, 1745, 'Pellegrin (Simon-Joseph)', NULL, 'Poète et auteur dramatique. - Rédacteur de la critique littéraire dans le "Mercure de France"'
179, NULL, NULL, NULL, 1749, 1796, 'Collot d''Herbois', NULL, 'Auteur de quelques pièces de théâtre. - Directeur du théâtre de Lyon (1787). - Révolutionnaire, président de la Convention et membre du Comité de Salut public (1793)'
180, 'Pierre', 'Cérou', NULL, 1709, 1797, 'Cérou (Pierre)', NULL, 'Auteur dramatique. - Précepteur dans plusieurs grandes maisons. - Meurt en 1797 ou 1798'
65, 'Philippe-François-Nazaire', 'Fabre d''Églantine', NULL, 1750, 1794, 'Fabre d''Églantine (Philippe-François-Nazaire)', NULL, 'Acteur, auteur dramatique et homme politique'
181, 'Abbé', 'Marchadier', NULL, NULL, NULL, 'Marchadier (Abbé)', NULL, NULL
183, 'Pierre-Germain', 'Parisau', NULL, 1752, 1794, 'Parisau (Pierre-Germain)', NULL, 'Acteur puis auteur dramatique'
185, 'François-René', 'Molé', NULL, 1734, 1802, 'Molé (François-René)', NULL, 'Acteur de la Comédie-Française. - Membre de l''Institut'
140, 'Pierre-Nicolas', 'André-Murville', NULL, 1754, 1815, 'André-Murville (Pierre-Nicolas)', NULL, 'Poète et auteur dramatique'
173, 'Claude-Marie-Louis-Emmanuel', 'Carbon de Flins Des Oliviers', NULL, 1757, 1806, 'Carbon de Flins Des Oliviers (Claude-Marie-Louis-Emmanuel)', NULL, 'Littérateur, auteur dramatique'
118, 'Louis de', 'Boissy', NULL, 1694, 1758, 'Boissy (Louis de)', NULL, 'Poète et auteur dramatique. - Directeur de la Gazette de France puis du Mercure. - Membre de l''Académie française (élu en 1754)'
187, 'François-Georges Maréchal', 'Bièvre', 'marquis', NULL, NULL, 'Bièvre (François-Georges Maréchal, marquis de)', NULL, NULL
105, 'François-Georges', 'Desfontaines', NULL, 1733, 1825, 'Desfontaines (François-Georges)', NULL, 'Auteur de vaudevilles, librettiste'
188, 'Joseph', 'Landon', NULL, NULL, NULL, 'Landon (Joseph)', NULL, NULL
35, 'Pierre-Antoine de', 'La Place', NULL, 1707, 1793, 'La Place (Pierre-Antoine de)', NULL, 'A aussi traduit de l''anglais en français Homme de lettres. - Secrétaire perpétuel de l''Académie d''Arras'
189, 'Jean-François', 'Collin d''Harleville', NULL, 1755, 1806, 'Collin d''Harleville (Jean-François)', NULL, 'Auteur de comédies en vers et de notices historiques. - Membre de l''Académie française (1803)'
307, 'Pierre-Charles-Fabiot', 'Aunillon', NULL, 1685, 1760, 'Aunillon (Pierre-Charles-Fabiot)', NULL, 'Abbé du Guay de l''Aunay. - Littérateur. - Fut grand vicaire d''Évreux'
192, 'Philippe-Antoine', 'Grouvelle', NULL, 1757, 1806, 'Grouvelle (Philippe-Antoine)', NULL, 'Poète, librettiste, auteur dramatique. - Secrétaire de Chamfort, puis secrétaire aux commandements de Louis-Joseph, prince de Condé. - Homme politique. - Secrétaire du Conseil exécutif provisoire (1792-1793). - Ministre de France à Copenhague en 1793. - Député de la Seine au Corps législatif (1800-1802)'
193, 'Claude-Pierre', 'Patu', NULL, 1729, 1757, 'Patu (Claude-Pierre) ; Portelance (Michel)', NULL, 'Auteur dramatique'
194, 'Jean-Simon Férréol', 'Beaugeard', NULL, 1754, 1828, 'Beaugeard (Jean-Simon Férréol)', NULL, 'Journaliste'
195, 'Claire-Marie Mazarelli', 'Saint-Chamond', 'marquise', NULL, NULL, 'Saint-Chamond (Claire-Marie Mazarelli, marquise de)', NULL, NULL
196, 'Anne-Marie', 'Du Bocage', NULL, 1710, 1802, 'Du Bocage (Anne-Marie)', NULL, 'Née Lepage ou Le Page, épouse de Pierre-Joseph Fiquet Du Bocage. - Femme de lettres'
191, 'Alexandre', 'Pieyre', NULL, 1752, 1830, 'Pieyre (Alexandre)', NULL, 'Auteur dramatique'
198, NULL, NULL, NULL, NULL, NULL, 'Peyraud de Beaussol', NULL, NULL
73, 'Jean François de', 'La Harpe', NULL, 1739, 1803, 'La Harpe (Jean François de)', NULL, 'Poète, auteur dramatique et critique littéraire, défenseur du classicisme. - Membre de l''Académie française (élu en 1776)'
199, 'Jean-Grégoire', 'Bauvin', NULL, NULL, NULL, 'Bauvin (Jean-Grégoire)', NULL, NULL
200, 'Claude-François', 'Simon', NULL, 1710, 1767, 'Simon (Claude-François)', NULL, 'Imprimeur-libraire ; imprimeur de la Reine ; du prince de Condé ; de monseigneur l''archevêque [de Paris] ; de la faculté de théologie. - Fils de l''imprimeur-libraire parisien Claude I Simon ; gendre du libraire Antonin Deshayes. En apprentissage chez le libraire Nicolas Gosselin en 1727-1728. Reçu libraire le 15 fév. 1738 et imprimeur le 28 mars suivant. Surnommé "Simon la Médaille" en raison d''une médaille d''or que le comte d''Argenson lui aurait remise pour le récompenser de son travail. Dit âgé de 40 ans env. en janv. 1752 ("Historique des libraires..." de l''inspecteur Joseph d''Hémery) et de 57 ans lors de son décès (juillet 1767). A fourni à l''"Encyclopédie" les articles sur l''imprimerie. Également auteur de quelques ouvrages dont des pièces de circonstance et : "Mémoires  de la comtesse d''Horneville..." À partir de 1765, se qualifie de "chevalier de l''ordre du Christ, de l''académie des Arcades (ou : de l''Arcadie) de Rome". Décédé en juillet 1767. Sa veuve lui succède, en association avec son fils Claude II Simon'
168, 'Étienne François de', 'Lantier', NULL, 1734, 1826, 'Lantier (Étienne François de)', NULL, 'Littérateur'
201, 'Louis Hurtaut', 'Dancourt', NULL, 1725, 1801, 'Dancourt (Louis Hurtaut)', NULL, 'Comédien  à la cour de Vienne, Autriche (en 1763)'
90, 'Pierre-Augustin Caron de', 'Beaumarchais', NULL, 1732, 1799, 'Beaumarchais (Pierre-Augustin Caron de)', NULL, NULL
202, 'Guillaume', 'Dubois de Rochefort', NULL, 1731, 1788, 'Dubois de Rochefort (Guillaume)', NULL, 'Helléniste. - Membre de l''Académie des Inscriptions'
203, 'François-Louis Gand Le Bland', 'Du Roullet', 'bailli', NULL, NULL, 'Du Roullet (François-Louis Gand Le Bland, bailli)', NULL, NULL
204, 'François-Antoine', 'Devaux', NULL, 1712, 1796, 'Devaux (François-Antoine)', NULL, 'Écrivain. - Lecteur du roi Stanislas Leszczynski à la cour de Lunéville'
130, 'Nicolas-Julien', 'Forgeot', NULL, 1758, 1798, 'Forgeot (Nicolas-Julien)', NULL, 'Avocat, homme de lettres et auteur dramatique'
206, NULL, NULL, NULL, 1725, 1778, 'Bellecour', NULL, 'Comédien. - Entré à la Comédie française en 1752, sociétaire en 1752'
51, 'Pierre de', 'Marivaux', NULL, 1688, 1763, 'Marivaux (Pierre de)', NULL, 'Auteur dramatique et romancier. - Membre de l''Académie française (1743)'
207, NULL, NULL, NULL, 1772, 1847, 'Robert', NULL, 'Pseudonyme de Pierre-Louis Solvet. - Libraire-éditeur, auteur'
208, 'Pierre-Jean-Baptiste Choudard', 'Desforges', NULL, 1746, 1806, 'Desforges (Pierre-Jean-Baptiste Choudard)', NULL, 'Comédien à la Comédie-Italienne, en province et à Saint-Pétersbourg (Russie). - Secrétaire général des Poudres et Salpêtres du comité de Salut public. - Poète, auteur de romans et de pièces de théâtre'
209, 'Pierre-Joseph', 'Rousseau', NULL, NULL, NULL, 'Rousseau (Pierre-Joseph)', NULL, NULL
205, NULL, NULL, NULL, 1742, 1812, 'Dorvigny', NULL, 'Acteur, auteur de comédies et de vaudevilles, romancier. - Dorvigny est le pseudonyme de Louis-François Archambault'
210, 'Pierre-Nicolas', 'Brunet', NULL, 1733, 1771, 'Brunet (Pierre-Nicolas)', NULL, 'Poète et auteur dramatique'
186, 'Charles', 'Palissot de Montenoy', NULL, 1730, 1814, 'Palissot de Montenoy (Charles)', NULL, 'Auteur de poèmes, lettres et pièces de théâtre satiriques. - Critique littéraire. - Membre du Conseil des Anciens (1798/1799). - Administrateur de la Bibliothèque Mazarine'
211, 'Adrien-Joseph de', 'Valois d''Orville', NULL, 1742, 1836, 'Valois d''Orville (Adrien-Joseph de) ; Dubois', NULL, 'Député à l''Assemblée Nationale Constituante , France, Chatellerault (Vienne). - Famille politique : Tiers-Etat'
182, 'Nicolas', 'Boindin', NULL, 1672, 1731, 'Boindin (Nicolas) ; La Motte (Antoine Houdar de)', NULL, 'Auteur dramatique. - Poète. - Membre de l''Académie française (élu en 1710)'
212, 'Nicolas', 'Dezède', NULL, NULL, NULL, 'Dezède (Nicolas)', NULL, NULL
213, 'Jean-Joseph', 'Vadé', NULL, 1720, 1757, 'Vadé (Jean-Joseph)', NULL, 'Chansonnier, auteur dramatique et compositeur. - Créateur du genre poissard'
214, 'Olympe de', 'Gouges', NULL, 1748, 1793, 'Gouges (Olympe de)', NULL, 'Auteur de comédies et femme politique. - Pseudonyme de : Marie-Olympe Gouze, épouse Aubry, Louis'
215, 'Madame', 'Rozet', NULL, NULL, NULL, 'Rozet (Madame)', NULL, NULL
3, 'Jean-Baptiste', 'Collet de Messine', NULL, NULL, NULL, 'Jean-Baptiste Collet de Messine', NULL, NULL
216, 'Joseph-François-Edouard de Corsembleu', 'Desmahis', NULL, 1722, 1761, 'Desmahis (Joseph-François-Edouard de Corsembleu)', NULL, 'Poète'
13, 'Pierre', 'Laujon', NULL, 1727, 1811, 'Laujon (Pierre)', NULL, 'Auteur dramatique. - Membre de l''Académie française (élu en 1807)'
217, NULL, 'Dufaut', NULL, NULL, NULL, 'Dufaut', NULL, NULL
218, 'Adrien-Nicolas', 'La Salle', NULL, 1735, 1818, 'La Salle (Adrien-Nicolas)', NULL, 'Auteur dramatique et romancier. - Gouverneur de St Domingue. - Maréchal de camp en 1791'
88, 'Joseph-Gaspard', 'Dubois-Fontanelle', NULL, 1727, 1812, 'Dubois-Fontanelle (Joseph-Gaspard)', NULL, 'A aussi traduit de l''allemand en français Journaliste. - Auteur dramatique. - Professeur de belles-lettres à Grenoble (de 1796 à 1804)'
219, 'Charles-Henri', 'de Longueil', NULL, NULL, NULL, 'Longueil (Charles-Henri de)', NULL, NULL
220, 'Charles-Philippe', 'Ronsin', NULL, 1752, 1794, 'Ronsin (Charles-Philippe)', NULL, 'Officier militaire. - Auteur dramatique'
221, 'Louis-Népomucène', 'Lemercier', NULL, 1771, 1840, 'Lemercier (Louis-Népomucène)', NULL, 'Poète dramatique et lyrique. - Membre de l''Académie française (élu en 1810)'
222, 'Antoine Vincent', 'Arnault', NULL, 1766, 1834, 'Arnault (Antoine Vincent)', NULL, 'Poète et auteur dramatique. - Administrateur. - Admis à l''Académie française en 1799, radié en 1816 puis réadmis en 1829. - Député de la Chambre des Cent Jours. - A publié des comédies en collaboration avec Marc Antoine Désaugiers sous le pseudonyme collectif de M. Delaligne'
308, 'Pierre', 'de Saint-Glas', 'abbé de Saint-Ussans', NULL, NULL, 'Saint-Glas (Pierre de, abbé de Saint-Ussans)', NULL, NULL
46, 'Jean-François', 'Ducis', NULL, 1733, 1817, 'Ducis (Jean-François)', NULL, 'Auteur dramatique et poète. - Adaptateur du théâtre de Shakespeare, qu''il essaya de soumettre aux règles de la tragédie classique. - Membre de l''Académie française (élu en 1778)'
40, 'Antoine', 'Le Blanc de Guillet', NULL, 1730, 1799, 'Le Blanc de Guillet (Antoine)', NULL, 'A aussi traduit du latin en français Auteur dramatique. - Membre de l''Institut (1798). - Prêtre de la Congrégation de l''Oratoire (1746)'
223, 'Antoine de', 'La Fosse', NULL, 1653, 1708, 'La Fosse (Antoine de)', NULL, 'A aussi écrit en italien et traduit du latin et du grec en français Auteur tragique et poète. - Membre de l''Académie des Apétistes. - Sieur d''Aubigny'
224, 'Gilles de', 'Caux de Montlebert', NULL, 1682, 1733, 'Caux de Montlebert (Gilles de)', NULL, 'Auteur dramatique'
225, 'Hilaire-Bernard de', 'Longepierre', NULL, 1659, 1731, 'Longepierre (Hilaire-Bernard de)', NULL, 'A aussi traduit du grec ancien en français Auteur dramatique. - Traducteur d''Anacréon et de Sapho, de Bion et de Moschus. - Secrétaire des commandements du duc de Berri'
226, 'Jean Marie Bernard', 'Clément', NULL, 1742, 1812, 'Clément (Jean Marie Bernard)', NULL, 'A aussi traduit du latin en français Critique littéraire, poète satirique, journaliste. - Célèbre pour une controverse avec Voltaire'
227, 'Pierre de', 'Morand', NULL, 1701, 1757, 'Morand (Pierre de)', NULL, 'Poète et auteur dramatique. - Avocat au parlement d''Aix, puis de Paris. - Correspondant à Paris du "Journal encyclopédique" pendant l''année 1756'
228, 'Népomucène-Louis', 'Lemercier', NULL, NULL, NULL, 'Lemercier (Népomucène-Louis)', NULL, NULL
229, NULL, 'Desaudras', NULL, NULL, NULL, 'Desaudras', NULL, NULL
197, 'Louis', 'Fuzelier', NULL, 1672, 1752, 'Fuzelier (Louis)', NULL, 'Librettiste et auteur dramatique. - Journaliste. - Privilège du "Mercure de France"avec Dufrény et La Roque du 3 juillet 1721 (-octobre 1724), puis avec La Bruère du 31 octobre 1744 (- 1752)'
123, 'Sébastien-Roch-Nicolas de', 'Chamfort', NULL, 1741, 1794, 'Chamfort (Sébastien-Roch-Nicolas de)', NULL, 'Moraliste, protagoniste et victime de la Révolution'
39, 'Pierre-Ulric', 'Dubuisson', NULL, 1746, 1794, 'Dubuisson (Pierre-Ulric)', NULL, 'Historien des colonies d''Amérique. - Auteur dramatique'
230, 'Henri Lambert d''Herbigny', 'Thibouville', 'marquis', NULL, NULL, 'Thibouville (Henri Lambert d''Herbigny, marquis de)', NULL, NULL
231, 'Jean-Jacques', 'Rousseau', NULL, 1712, 1778, 'Rousseau (Jean-Jacques)', NULL, 'Philosophe. - Compositeur et critique musical'
232, 'Adrien-Michel-Hyacinthe', 'Blin de Sainmore', NULL, 1733, 1807, 'Blin de Sainmore (Adrien-Michel-Hyacinthe)', NULL, 'Censeur royal. Co-fondateur de la société philanthropique. Bibliothécaire à l''Arsenal'
233, 'Nicolas', 'François de Neufchâteau', NULL, 1750, 1828, 'François de Neufchâteau (Nicolas)', NULL, 'Poète. - Orateur. - Agronome. - Député des Vosges à l''Assemblée législative. - Membre du Directoire exécutif (septembre 1797-mai 1798). - Président du Sénat sous l''Empire (1804-1811). - Membre de l''Institut, Académie française (élu en 1803)'
234, 'Gabriel', 'Mailhol', NULL, 1725, 1791, 'Mailhol (Gabriel)', NULL, 'Romancier. - Auteur dramatique'
235, 'Aglaé Deslacs', 'Claret de Fleurieu', 'comtesse', NULL, NULL, 'Claret de Fleurieu (Aglaé Deslacs, comtesse)', NULL, NULL
92, 'Pierre Laurent de', 'Belloy', NULL, 1727, 1775, 'Belloy (Pierre Laurent de)', NULL, 'Comédien et auteur dramatique, surtout connu pour ses tragédies patriotiques. - Membre de l''Académie française (élu en 1771). - Dormont de Belloy est le pseudonyme de Pierre-Laurent Buirette'
237, 'Jean', 'Mauduit-Larive', NULL, 1747, 1827, 'Mauduit-Larive (Jean)', NULL, 'Comédien et directeur de théâtre'
114, 'Antoine', 'Bret', NULL, 1715, 1766, 'Bret (Antoine) ; Godard d''Aucour (Claude) ; Villaret (Claude)', NULL, 'Acteur, écrivain. Premier commis de la Cour des comptes'
121, 'Michel-Jean', 'Sedaine', NULL, 1719, 1797, 'Sedaine (Michel-Jean)', NULL, 'Poète, dramaturge et librettiste. - Membre de l''Académie française (élu en 1786)'
238, 'Barnabé Farmian', 'Durosoy', NULL, 1745, 1792, 'Durosoy (Barnabé Farmian)', NULL, 'Journaliste. - Polygraphe'
71, 'Pierre', 'Corneille', NULL, 1606, 1684, 'Corneille (Pierre)', NULL, 'Auteur dramatique et poète sacré. - Membre de l''Institut, Académie française (élu en 1647). - Avocat. - Frère de : Corneille, Thomas (1625-1709), auteur dramatique'
85, 'Joseph-Alexandre de', 'Ségur', NULL, 1756, 1805, 'Ségur (Joseph-Alexandre de)', NULL, 'Auteur dramatique et romancier'
239, 'Pierre', 'Du Ryer', NULL, 1605, 1658, 'Du Ryer (Pierre)', NULL, 'A aussi traduit du latin et du grec ancien en français Auteur dramatique. - Historiographe de France. - Membre de l''Institut, Académie française (élu en 1646), de préférence à Pierre Corneille (1606-1684). - Fils de : Du Ryer, Isaac (1568?-1635)'
240, 'Antoine', 'Renou', NULL, 1731, 1806, 'Renou (Antoine)', NULL, 'Peintre. - Ecrivain. - Membre de l''Académie des beaux-arts (en 1781)'
79, 'Alain-René', 'Lesage', NULL, 1668, 1747, 'Lesage (Alain-René)', NULL, 'Auteur dramatique. - Romancier'
241, 'Jean Hyacinthe', 'Grave', 'vicomte', NULL, NULL, 'Grave (Jean Hyacinthe, vicomte de)', NULL, NULL
242, 'Jean de', 'Rotrou', NULL, 1609, 1650, 'Rotrou (Jean de)', NULL, 'Poète et dramaturge'
52, NULL, NULL, NULL, 1750, 1830, 'Doigny du Ponceau', NULL, 'Poète et auteur dramatique'
243, 'Edmond', 'Cordier de Saint-Firmin', NULL, 1743, 1826, 'Cordier de Saint-Firmin (Edmond)', NULL, 'Prêtre. - Homme de lettres. - Était franc-maçon, membre de la Société nationale ouLoge des Neuf-Soeurs'
244, 'Jean-Étienne-François', 'Marignié', NULL, 1755, 1832, 'Marignié (Jean-Étienne-François)', NULL, 'Littérateur. - Partisan de Louis XVI'
245, 'Jean', 'Donneau de Vizé', NULL, NULL, NULL, 'Donneau de Vizé (Jean)', NULL, NULL
246, 'Jean-Bernard', 'Leblanc', 'abbé', NULL, NULL, 'Leblanc (Jean-Bernard, abbé)', NULL, NULL
247, 'Mr', 'Séguineau', NULL, NULL, NULL, 'Séguineau (Mr)', NULL, NULL
248, 'René', 'Pralard', NULL, NULL, NULL, 'Pralard (René)', NULL, NULL
249, NULL, NULL, NULL, NULL, NULL, 'Boyer (Claude, abbé) pseud : Pader d''Assézan', NULL, NULL
250, 'Jean-Baptiste Aubry des Carrières', 'Aubry', 'dit', NULL, NULL, 'Aubry (Jean-Baptiste Aubry des Carrières, dit)', NULL, NULL
251, 'Jean de', 'La Chapelle', NULL, 1651, 1723, 'La Chapelle (Jean de)', NULL, 'Auteur dramatique et écrivain politique. - Membre de l''Académie française (élu en 1688)'
50, 'Jean Galbert de', 'Campistron', NULL, 1656, 1713, 'Campistron (Jean Galbert de)', NULL, 'Auteur de tragédies, de comédies et d''opéras. - Sécrétaire du duc de Vendôme. - Membre de l''Académie française (élu en 1701)'
253, 'Augustin', 'Nadal', 'abbé', NULL, NULL, 'Nadal (Augustin, abbé)', NULL, NULL
254, '', 'de Saint-Gilles Lenfant', NULL, NULL, NULL, 'Saint-Gilles Lenfant (de)', NULL, NULL
255, 'Gaspard', 'Abeille', 'abbé', NULL, NULL, 'Abeille (Gaspard, abbé)', NULL, NULL
258, 'Bernard le Bouvier', 'de Fontenelle', NULL, NULL, NULL, 'Fontenelle (Bernard le Bouvier de)', NULL, NULL
259, 'chevalier', 'de Pacarony', NULL, NULL, NULL, 'Pacarony (chevalier de)', NULL, NULL
260, NULL, 'Gaultier', NULL, NULL, NULL, 'Gaultier', NULL, NULL
37, 'Philippe', 'Quinault', NULL, 1635, 1688, 'Quinault (Philippe)', NULL, 'Poète, auteur dramatique et librettiste. - Membre de l''Académie française (élu en 1670)'
262, 'Madeleine-Angélique de', 'Gomez', NULL, 1684, 1770, 'Gomez (Madeleine-Angélique de)', NULL, 'Écrivain, auteur de tragédies, d''un ballet héroïque, et d''oeuvres de genre. - Née Madeleine-Angélique Poisson, n''a publié que sous le nom de son premier mari (Don Gabriel de Gomez)'
263, 'François', 'de Chaligny des Plaines', NULL, NULL, NULL, 'Chaligny des Plaines (François de)', NULL, NULL
264, 'Charles-Jean-François', 'Hénault', NULL, 1685, 1770, 'Hénault (Charles-Jean-François)', NULL, 'Poète, auteur dramatique. - Conseiller au Parlement de Paris (en 1705). - Président de la  Première Chambre des enquêtes (en 1710). - Membre de l''Académie française (élu en 1723)'
265, 'Louis II Bernin de Valentinay', 'd''Ussé', NULL, NULL, NULL, 'Ussé (Louis II Bernin de Valentinay d'')', NULL, NULL
267, '', 'de La Chazette', NULL, NULL, NULL, 'La Chazette (de)', NULL, NULL
175, 'Jean-Baptiste-Louis', 'Gresset', NULL, 1709, 1777, 'Gresset (Jean-Baptiste-Louis)', NULL, 'Poète et auteur dramatique, théologien. - Membre de l''Académie française (élu en 1748)'
268, 'Gabriel', 'Gilbert', NULL, 1620, 1680, 'Gilbert (Gabriel)', NULL, 'Poète et auteur dramatique. - Secrétaire des commandements de la reine Christine de Suède'
269, 'Charles-Étienne', 'Pesselier', NULL, 1712, 1763, 'Pesselier (Charles-Étienne)', NULL, 'Auteur dramatique. - Économiste. - Employé des Fermes. - Membre des Académies d'' Amiens (1749) et d'' Angers (1761)'
270, NULL, 'Anonyme', NULL, NULL, NULL, 'Anonyme', NULL, NULL
272, 'Nicolas', 'de Péchantrés', NULL, NULL, NULL, 'Péchantrés (Nicolas de)', NULL, NULL
273, 'Jean', 'de Palaprat', 'sieur de Bigot', NULL, NULL, 'Palaprat (Jean de, sieur de Bigot)', NULL, NULL
274, NULL, NULL, NULL, NULL, NULL, 'Charles Chevillet', 'Champmeslé', NULL
275, NULL, NULL, NULL, NULL, NULL, 'La Valette', NULL, NULL
19, 'Joseph de', 'La Font', NULL, 1686, 1725, 'La Font (Joseph de)', NULL, 'Auteur dramatique et librettiste'
9, 'Michel', 'Procope-Couteaux', NULL, NULL, NULL, 'Michel Procope-Couteaux', NULL, NULL
276, 'Claude Rose', 'Rosimond', 'sieur', NULL, NULL, 'Rosimond (Claude Rose, sieur de)', NULL, NULL
277, 'François Antoine', 'Jolly', NULL, 1672, 1753, 'Jolly (François Antoine)', NULL, 'Poète, auteur dramatique et librettiste. - Censeur royal'
84, NULL, NULL, NULL, 1639, 1685, 'Montfleury', 'Montfleury', 'Acteur et dramaturge. - Fils de Zacharie Jacob, dit Montfleury'
83, 'Paul', 'Scarron', NULL, 1610, 1660, 'Scarron (Paul)', NULL, 'Homme de lettres, auteur de poésies burlesques et de comédies'
278, 'Claude-Florimond', 'Boizard de Ponteau', NULL, NULL, NULL, 'Boizard de Ponteau (Claude-Florimond)', NULL, NULL
279, 'Guillaume Marcoureau', 'Brécourt', 'sieur de Brécourt, dit', NULL, NULL, 'Brécourt (Guillaume Marcoureau, sieur de Brécourt, dit)', NULL, NULL
147, 'David-Augustin de', 'Brueys', NULL, 1640, 1723, 'Brueys (David-Augustin de)', NULL, 'Abbé. - Auteur dramatique'
280, 'François-Augustin Paradis de', 'Moncrif', NULL, 1687, 1770, 'Moncrif (François-Augustin Paradis de)', NULL, 'Auteur dramatique et poète. - Membre de l''Académie française (élu en 1733) et de l''Académie de Berlin. - Lecteur de Marie Leczinska. - Polygraphe'
281, 'Charles-Alexandre', 'Carcavy', 'abbé', NULL, NULL, 'Carcavy (Charles-Alexandre, abbé)', NULL, NULL
282, NULL, NULL, NULL, NULL, NULL, 'La Chaussée (Pierre-Claude Nivelle de La Chaussée,', 'Pierre-Claude)', NULL
283, NULL, 'Desmarres', NULL, NULL, NULL, 'Desmarres', NULL, NULL
190, 'Léonor-Jean-Christine Soulas d''', 'Allainval', NULL, 1700, 1753, 'Allainval (Léonor-Jean-Christine Soulas d'')', NULL, 'Auteur dramatique. - Semble n''avoir eu d''abbé que le titre'
284, NULL, NULL, NULL, NULL, NULL, 'Robbe, Jacques', NULL, NULL
285, NULL, NULL, NULL, NULL, NULL, 'Nicolas Abeille', 'Le neveu de l''abbé Abeille', NULL
286, NULL, NULL, NULL, 1643, 1711, 'Le Noble (Eustache', NULL, 'Polygraphe. - Journaliste. - Baron de Saint-Georges et de Tennelière'
289, NULL, 'Montfort', NULL, NULL, NULL, 'Montfort', NULL, NULL
290, NULL, 'Louvet', NULL, NULL, NULL, 'Louvet', NULL, NULL
292, 'Nicolas-Armand-Martial', 'Guérin d''Estriché', NULL, 1677, 1708, 'Guérin d''Estriché (Nicolas-Armand-Martial)', NULL, 'Auteur dramatique. - Fils de l''acteur Isaac-François Guérin, dit d''Estriché, et d''Armande-Grésinde Béjart, veuve de Molière'
294, 'Jean-Baptiste', 'Le Mascrier', NULL, 1697, 1760, 'Le Mascrier (Jean-Baptiste)', NULL, 'A aussi traduit du latin en français Prêtre. - Historien'
288, 'Jacques', 'Audierne', NULL, 1710, 1785, 'Audierne (Jacques)', NULL, 'Auteur comique et mathématicien'
295, 'Jean du Castre d''', 'Auvigny', NULL, 1712, 1743, 'Auvigny (Jean du Castre d'')', NULL, 'Militaire. - A écrit des romans historiques et des ouvrages de vulgarisation historique'
28, 'François Le Métel', 'de Boisrobert', NULL, NULL, NULL, 'Abbé François Le Métel de Boisrobert', NULL, NULL
261, 'Catherine', 'Bernard', NULL, 1662, 1712, 'Bernard (Catherine)', NULL, 'Romancière, dramaturge et poète. - Nièce de Corneille'
296, 'Jean-Baptiste', 'Rousseau', NULL, 1670, 1741, 'Rousseau (Jean-Baptiste)', NULL, 'Poète'
297, 'Nicolas Racot de', 'Grandval', NULL, 1676, 1753, 'Grandval (Nicolas Racot de)', NULL, 'Compositeur et claveciniste. - Poète. - Auteur dramatique. - Père de Charles-François Racot de Grandval (1710-1784)'
298, NULL, NULL, NULL, NULL, NULL, 'Gillet de La Tessonerie', NULL, NULL
21, 'Charles', 'Du Fresny', NULL, 1648, 1724, 'Du Fresny (Charles)', NULL, 'Auteur dramatique. - Journaliste. - Chansonnier. - Éditeur du "Mercure galant" de 1710 à 1713 et de 1721 à 1724'
299, 'Adrien-Thomas Perdou de', 'Subligny', NULL, 1636, 1696, 'Subligny (Adrien-Thomas Perdou de)', NULL, 'A aussi traduit du portugais en français Avocat au Parlement. - Auteur de théatre et critique théatrale'
300, 'Étienne-François', 'Avisse', NULL, NULL, NULL, 'Avisse (Étienne-François)', NULL, NULL
301, NULL, 'Beauregard', NULL, NULL, NULL, 'Beauregard', NULL, NULL
256, 'Marie-Anne', 'Barbier', NULL, 1664, 1745, 'Barbier (Marie-Anne)', NULL, 'Auteur dramatique. - Collaboratrice de l''abbé : Pellegrin, Simon-Joseph (1633-1745). - Née vraisemblablement selon A.C. Montoya le 20 ou le 21 janvier 1664, le 21 janvier étant la date de son baptême. D''après Évrard Titon du Tillet qui l''avait connue personnellement, elle serait décédée "vers l''année 1745, dans un âge très avancé", en juillet 1743 elle obtenait encore un privilège pour une édition de son "Théâtre"'
184, 'Philippe', 'Poisson', NULL, 1682, 1743, 'Poisson (Philippe)', NULL, 'Acteur (jusqu''en 1722) et dramaturge (a fait représenter sept comédies en vers)'
287, NULL, NULL, NULL, 1601, 1655, 'Tristan L''Hermite', NULL, 'Homme de lettres'
303, NULL, NULL, NULL, 1695, 1751, 'Launay, De', NULL, 'Secrétaire des commandements du grand prieur. - Auteur de pièces de théâtre et de poèmes'
302, 'Jacques', 'Raisin', NULL, 1653, 1702, 'Raisin (Jacques)', NULL, 'Compositeur'
304, 'ou Lagrange', 'La Grange', 'Nicolas [de]', NULL, NULL, 'La Grange (ou Lagrange, Nicolas [de])', NULL, NULL
7, 'Claude-Henri de Fusée', 'de Voisenon', NULL, NULL, NULL, 'Abbé Claude-Henri de Fusée de Voisenon', NULL, NULL
305, NULL, 'Desforges', NULL, NULL, NULL, 'Desforges', NULL, NULL
115, 'Marc-Antoine', 'Legrand', NULL, 1673, 1728, 'Legrand (Marc-Antoine)', NULL, 'Auteur dramatique. - Comédien'
306, 'Charlotte Legrand', 'Longchamp', 'épouse Pitel', NULL, NULL, 'Longchamp (Charlotte Legrand, épouse Pitel de)', NULL, NULL
293, 'Thomas', 'L''Affichard', NULL, 1698, 1753, 'L''Affichard (Thomas)', NULL, 'Auteur de comédies, de romans et nouvelles et de récits de voyage. - Souffleur au Théâtre italien'
309, 'Pierre-Charles', 'Roy', NULL, 1683, 1764, 'Roy (Pierre-Charles) ; La Font (Joseph de)', NULL, 'Poète. - Auteur dramatique. - Conseiller secrétaire du roi. - Secrétaire de l''ordre de Saint-Michel avant 1748 et jusqu''en 1759'
310, 'Jacques Pousset', 'de Montauban', NULL, NULL, NULL, 'Montauban (Jacques Pousset de)', NULL, NULL
311, '', 'de Brie', NULL, NULL, NULL, 'Brie (de)', NULL, NULL
312, 'Charles-Antoine', 'Le Clerc de La Bruère', NULL, 1716, 1754, 'Le Clerc de La Bruère (Charles-Antoine)', NULL, 'Secrétaire de l''Ambassade de France à Rome. - Auteur dramatique et historien'
313, NULL, 'Saint-Yon', NULL, NULL, NULL, 'Saint-Yon', NULL, NULL
148, 'Raymond', 'Poisson', NULL, 1630, 1690, 'Poisson (Raymond)', NULL, 'Acteur et auteur de comédies. - Il parut dès 1660 à l''Hôtel de Bourgogne ; il créa le rôle de Crispin ; Molière admirait beaucoup le naturel du jeu de Poisson ; "Les Fous divertissants" (musique de Charpentier) fut sa dernière pièce ; il se retira du théâtre en 1685 et mourut à son domicile de la rue Saint-Denis'
144, 'Jean Dumas d''', 'Aigueberre', NULL, 1692, 1755, 'Aigueberre (Jean Dumas d'')', NULL, 'Auteur dramatique. - Conseiller au Parlement de Toulouse'
266, 'Antoine', 'Danchet', NULL, 1671, 1748, 'Danchet (Antoine)', NULL, 'Écrivait aussi en latin Auteur dramatique, librettiste et poète. - Membre de l''Institut, Académie française (élu en 1712)'
314, 'Jean', 'Desmarets de Saint-Sorlin', NULL, 1595, 1676, 'Desmarets de Saint-Sorlin (Jean)', NULL, 'Poète, romancier, auteur dramatique. - Adversaire des jansénistes. - Membre de l''Académie française (élu en 1634)'
315, 'Augustin', 'Nadal', NULL, 1659, 1741, 'Nadal (Augustin)', NULL, 'Abbé. - Poète. - Critique littéraire et dramaturge'
316, 'François', 'Tronchin', NULL, 1704, 1798, 'Tronchin (François)', NULL, 'Avocat au Conseil de Genève. - Auteur dramatique. - Collectionneur et marchand'
89, 'Edme', 'Boursault', NULL, 1638, 1701, 'Boursault (Edme)', NULL, 'Homme de lettres. - Auteur dramatique. - Baptisé entre le 1er et le 4 octobre 1638'
252, 'François-Michel-Chrétien', 'Deschamps', NULL, 1683, 1747, 'Deschamps (François-Michel-Chrétien)', NULL, 'Auteur dramatique'
317, 'Louis', 'Ferrier de la Martinière', NULL, 1652, 1721, 'Ferrier de la Martinière (Louis)', NULL, 'Poète. - Précepteur des fils du duc de Saint-Aignan, puis gouverneur du prince Charles-Louis d''Orléans'
257, 'Claude', 'Boyer', 'abbé', 1622, 1691, 'Boyer (Claude, abbé) ; Le Clerc (Michel)', NULL, 'Avocat au Parlement. - Auteur de tragédies et de pièces de circonstances. - Membre de l''Académie française (élu en 1662). - Traducteur du poète Le Tasse (1544-1595)'
318, 'Jacques', 'Pousset de Montauban', NULL, NULL, NULL, 'Pousset de Montauban (Jacques)', NULL, NULL
319, 'Henri', 'Richer', NULL, NULL, NULL, 'Richer (Henri)', NULL, NULL
56, 'Thomas', 'Corneille', NULL, 1625, 1709, 'Corneille (Thomas)', NULL, 'Dramaturge et poète. - Lexicographe et grammairien. - Traducteur d''Ovide. - Copropriétaire et collaborateur du "Mercure galant". - Membre de l''Institut, Académie française (élu en 1684) et de l''Académie des inscriptions et belles-lettres (élu en 1701). - Frère de : Corneille, Pierre (1606-1684)'
320, 'Denise', 'Lebrun', NULL, NULL, NULL, 'Lebrun (Denise)', NULL, NULL
321, NULL, 'Dupuy', NULL, NULL, NULL, 'Dupuy', NULL, NULL
291, 'François', 'Belin', NULL, 1748, 1808, 'Belin (François)', NULL, 'Autre(s) graphie(s) : Bélin. - Imprimeur-libraire ; imprimeur du premier tribunal criminel du département de Paris (1792). - Natif de Genevrières, près de Langres, fils d''un recteur d''école et receveur des traites foraines. Monté à Paris avant le 2 oct. 1770, date à laquelle il obtient un certificat de congruité de l''université. En apprentissage à partir de déc. 1773. Reçu libraire le 10 mars 1777, il acquiert le fonds de Denis Humblot, puis monte une imprimerie à partir de l''été 1792, en association avec son voisin Claude II Simon. Officier de la garde nationale (lieutenant des fusiliers de Saint-Étienne-du-Mont) en 1789-1790. Membre de la 1re assemblée électorale de Paris, réunie à partir d''oct. 1790. Emprisonné du 12 avril au 8 août 1794 pour avoir mis en tête d''une éd. de la Constitution des idées préliminaires jugées subversives. Membre du comité civil de la section Marat en l''an II. À nouveau électeur de Paris en 1796 ; notable en 1801. Cède son imprimerie à Jean Gratiot en 1804. Se retire à Sceaux où il a acquis une maison de campagne en 1801. Décédé à Paris le 10 déc. 1808 ; inventaire après décès 19 déc. 1808. Vente de sa bibliothèque en 1810 (catalogue impr.). Sa veuve lui succède'
64, 'Prosper Jolyot de', 'Crébillon', NULL, 1674, 1762, 'Crébillon (Prosper Jolyot de)', 'Crébillon père', 'Auteur dramatique. - Membre de l''Académie française (élu en 1731). - Acquis la terre de Crébillon ou Crais-Billon (en 1686). - Père du romancier : Crébillon, Claude-Prosper Jolyot de (1707-1777)'
236, 'Charles-Claude', 'Genest', NULL, 1639, 1719, 'Genest (Charles-Claude)', NULL, 'Abbé de Saint-Wilmer, aumônier de la duchesse d''Orléans, secrétaire général de la province de Languedoc. - Poète et auteur dramatique. - Membre de l''Académie Française (élu en 1698'
322, 'Paul', 'Landois', NULL, NULL, NULL, 'Landois (Paul)', NULL, NULL
323, NULL, 'Parmentier', NULL, NULL, NULL, 'Parmentier', NULL, NULL
47, 'Bernard-Joseph', 'Saurin', NULL, 1706, 1781, 'Saurin (Bernard-Joseph)', NULL, 'Avocat au Parlement de Paris. - Auteur dramatique. - Membre de l''Académie française (élu  en 1761)'
324, 'Abbé', 'Bonnet de Chemillin', NULL, NULL, NULL, 'Bonnet de Chemillin (Abbé)', NULL, NULL
325, 'Charles', 'Sablier', NULL, NULL, NULL, 'Sablier (Charles)', NULL, NULL
16, 'Jean-François', 'Cailhava de L''Estandoux', NULL, 1731, 1813, 'Jean-François Cailhava d’Estendoux', NULL, 'Auteur dramatique, auteur de ballets, de parades burlesques, de livrets d''opéra et de comédies. - Membre de l''Académie française (élu en 1803)'
15, 'Jean', 'Racine', NULL, 1639, 1699, 'Jean Racine', NULL, 'Auteur dramatique, poète. - Membre de l''Académie française (élu en 1672)'
326, 'Jean-Baptiste', 'Raisin', NULL, NULL, NULL, 'Raisin (Jean-Baptiste)', NULL, NULL
271, 'Nicolas', 'Pradon', NULL, 1632, 1698, 'Pradon (Nicolas)', NULL, 'Auteur dramatique. - Adversaire de Racine'
91, 'Alexis', 'Piron', NULL, 1689, 1773, 'Piron (Alexis)', NULL, 'Poète et dramaturge'
327, NULL, 'Morandet', NULL, NULL, NULL, 'Morandet', NULL, NULL
