 id  |                             title                             |                                 author                                 |                  genre                   
-----+---------------------------------------------------------------+------------------------------------------------------------------------+------------------------------------------
  24 | Eugénie                                                       | Pierre-Augustin Caron de Beaumarchais                                  | drame
 742 | Les Barmécides                                                | Jean-François de La Harpe                                              | tragédie
 743 | Les funérailles de Crispin                                    |                                                                        | comédie
  61 | L'Indiscret                                                   | François-Marie Arouet dit Voltaire                                     | comédie
 175 | Nanine, ou le préjugé vaincu                                  | François-Marie Arouet dit Voltaire                                     | comédie
  43 | L'Enfant prodigue ou L'Ecole de la jeunesse                   | François-Marie Arouet dit Voltaire                                     | comédie
 739 | Les Dehors trompeurs, ou l'Homme du Jour                      | Louis de Boissy dit Bonnefoy                                           | comédie
   3 | Albert Ier ou Adeline                                         | Antoine Blanc                                                          | comédie
  68 | La Famille extravagante                                       | Marc-Antoine Legrand / Le Grand                                        | comédie
   9 | Attendez-moi sous l’orme                                      | Jean-François Regnard                                                  | comédie
 735 | L'Amant Bourru                                                | Monvel                                                                 | comédie
 741 | Malheureux imaginaire                                         | Claude-Joseph Dorat                                                    | comédie
 744 | Bourru bienfaisant                                            | Carlo Goldoni                                                          | comédie
 740 | Roméo et Juliette                                             | Ducis                                                                  | tragédie
 745 | Dom Japhet d'Arménie                                          | Paul Scarron                                                           | comédie
   6 | Andromaque                                                    | Jean Racine                                                            | tragédie
   1 | Adélaïde de Hongrie                                           | Claude-Joseph Dorat                                                    | tragédie
   7 | Ariane                                                        | Thomas Corneille                                                       | tragédie
   8 | Athalie                                                       | Jean Racine                                                            | tragédie
  10 | Bajazet                                                       | Jean Racine                                                            | tragédie
  11 | Britannicus                                                   | Jean Racine                                                            | tragédie
  13 | Cinna ou la Clémence dAuguste                                 | Pierre Corneille                                                       | tragédie
  19 | Didon                                                         | Jean-Jacques le Franc de Pompignan                                     | tragédie
  22 | Electre                                                       | Prosper Jolyot de Crébillon                                            | tragédie
 746 | Les Graces                                                    |                                                                        | 
 747 | Artaxerce                                                     | Antoine-Marin Lemierre                                                 | Tragédie 
 748 | L'Avare                                                       | Jean-Baptiste Poquelin dit Molière                                     | comédie en 5 actes
 749 | l'Ecossaise                                                   | Voltaire                                                               | Comédie
  25 | Gaston et Bayard                                              | Pierre-Laurent Buirette                                                | tragédie
 750 | Dupuis et Des Ronais                                          | Collé                                                                  | Comédie en trois actes
   5 | Amphitryon                                                    | Jean-Baptiste Poquelin dit Molière                                     | comédie
  20 | Dom Juan ou Le Festin de Pierre                               | Jean-Baptiste Poquelin dit Molière                                     | comédie
 751 | Les Soubrettes                                                | Laujon                                                                 | comédie en 5 actes
 154 | Les Femmes savantes                                           | Jean-Baptiste Poquelin dit Molière                                     | comédie
 156 | Les Fourberies de Scapin                                      | Jean-Baptiste Poquelin dit Molière                                     | comédie
 162 | Les Précieuses ridicules                                      | Jean-Baptiste Poquelin dit Molière                                     | comédie
 752 | Les Soubrettes                                                | Laujon                                                                 | comédie en 5 actes
  41 | L'Ecole des maris                                             | Jean-Baptiste Poquelin dit Molière                                     | comédie
 753 | Les Soubrettes                                                | Laujon                                                                 | comédie en 5 actes
 253 | Avare                                                         | Jean-Baptiste Poquelin dit Molière                                     | comédie
 756 | L'Etourderie                                                  | Christophe-Barthélémy Fagan de Lugny                                   | Comédie
 280 | L'Amour médecin                                               | Jean-Baptiste Poquelin dit Molière                                     | comédie
 757 | Sertorius                                                     | Pierre Corneille                                                       | Tragédie
  26 | Gustave Wasa                                                  | Alexis Piron                                                           | tragédie
  15 | Crispin médecin                                               | Noël Lebreton de Hauteroche                                            | comédie
  16 | Crispin précepteur                                            | Jean-François Juvenon                                                  | comédie
 758 | Le Rendez-vous ou l' amour supposé                            | Christophe-Barthélémy Fagan de Lugny                                   | Comédie
  65 | La Coquette et la fausse prude                                | Michel Boiron / Boyron dit Baron                                       | comédie
  14 | Colin-Maillard                                                | Florent Carton dit Dancourt                                            | comédie
 759 | L' Etourderie                                                 | Christophe-Barthélémy  Fagan de Lugny                                  | Comédie
  17 | Crispin rival de son maître                                   | Alain-René le Sage / Lesage                                            | comédie
  69 | La Fausse Agnès ou le Poète campagnard                        | Philippe Néricault dit Destouches                                      | comédie
  18 | Démocrite amoureux                                            | Jean-François Regnard                                                  | comédie
  21 | Dupuis et Desronais / Des Ronais                              | Charles Collé                                                          | comédie
  23 | Esope à la cour                                               | Edme Boursault                                                         | comédie
  28 | Heureusement                                                  | Marc-Antoine-Jacques Rochon de Chabannes                               | comédie
  29 | Hylas (Hilas) et Sylvie                                       | Marc-Antoine-Jacques Rochon de Chabannes                               | comédie
 760 | L' Etourdi ou Les Contretemps                                 | Jean-Baptiste Poquelin dit Molière                                     | Comédie
 275 | Roséïde ou l' intrigant                                       | Claude-Joseph Dorat                                                    | comédie
 761 | Crispin médecin                                               | Noël Lebreton de Hauteroche                                            | Comédie
 254 | L'Amour français                                              | Marc-Antoine-Jacques Rochon de Chabannes                               | comédie
 271 | Laurette                                                      | Thomas d'Oisemont / Doisemont                                          | comédie
 762 | L' Avocat Patelin                                             | David-Augustin de Brueys; Jean de Palaprat, seigneur de Bigot          | Comédie
 763 | L' Avare                                                      | Jean-Baptiste Poquelin dit Molière                                     | Comédie
  66 | La Coupe enchantée                                            | Charles Chevillet; Jean de La Fontaine                                 | comédie
  67 | La Double extravagance                                        | Antoine Bret                                                           | comédie
 764 | Blanche et Guiscard                                           | Bernard-Joseph  Saurin                                                 | Tragédie
 765 | L' Usurier gentilhomme                                        | Marc-Antoine Legrand / Le Grand                                        | Comédie
  70 | La Feinte par amour                                           | Claude-Joseph Dorat                                                    | comédie
 766 | La Coupe Enchantée                                            | Charles Chevillet; Jean de La Fontaine                                 | Comédie
 767 | Pygmalion                                                     | Jean Jacques Rousseau                                                  | Comédie
 768 | L' Epreuve réciproque                                         | Marc-Antoine Legrand / Le Grand                                        | Comédie
 769 | Orphanis                                                      | Adrian-Michel-Hyacinthe Blin de Sainmore                               | Tragédie
 770 | L' Ecole des moeurs ou les suites du libertinage              | Charles-Georges Fenouillot de Falbaire de Quingey                      | Drame
 771 | L' Eté des coquettes                                          | Florent Carton dit Dancourt                                            | Comédie
 772 | Les Bourgeoises à la mode                                     | Florent Carton dit Dancourt                                            | Comédie
 773 | Le Médecin malgré lui                                         | Jean-Baptiste Poquelin dit Molière                                     | Comédie
 774 | Iphigenie                                                     | Jean Racine                                                            | Tragédie
 775 | La Jeune Indienne                                             | Sébastien-Roch-Nicholas de Chamfort                                    | Comédie
 776 | Cinna ou la Clémence d'Auguste                                | Pierre Corneille                                                       | Tragédie
 777 | Le Temps passé                                                | Marc-Antoine Legrand / Le Grand                                        | Comédie
 778 | L' Impromptu de campagne                                      | Philippe Poisson                                                       | Comédie
 779 | L' Enfant prodigue ou L' Ecole de la jeunesse                 | François-Marie Arouet dit Voltaire                                     | Comédie
  27 | Héraclius, empereur d'Orient                                  | Pierre Corneille                                                       | tragédie
 754 | Les Soubrettes                                                | Laujon                                                                 | comédie en 5 actes
 780 | L' Esprit de contradiction                                    | Charles du Fresny / Dufresny                                           | Comédie
 781 | La Métromanie                                                 | Alexis Piron                                                           | Comédie
  88 | Le Bourgeois gentilhomme                                      | Jean-Baptiste Poquelin dit Molière                                     | comédie
  92 | Le Charivari                                                  | Florent Carton dit Dancourt                                            | comédie
 782 | L' Ecole des femmes                                           | Jean-Baptiste Poquelin dit Molière                                     | Comédie
 855 | Le Bourgeois gentilhomme                                      | Jean-Baptiste Poquelin                                                 | comédie
 783 | Le Dissipateur ou l' Honnête friponne                         | Philippe Néricault dit Destouches                                      | Comédie
 784 | Beverlei                                                      | Bernard-Joseph  Saurin                                                 | Tragédie
 785 | Le Café ou l' Ecossaise                                       | François-Marie Arouet dit Voltaire                                     | Comédie
 786 | Les Fausses infidelités                                       | Nicolas-Thomas Barthe                                                  | Comédie
 787 | Inès de Castro                                                | Antoine Houdar / Houdard de La Motte / La Mothe                        | Tragédie
 788 | L’ Ecole amoureuse                                            | Antoine Bret                                                           | Comédie
 789 | La Somnambule                                                 | Antoine de Fériol de Pont-de-Veyle                                     | Comédie
 790 | Hylas et Sylvie                                               | Marc-Antoine-Jacques Rochon de Chabannes                               | Comédie
 791 | L' Aveugle clairvoyant                                        | Marc-Antoine Legrand / Le Grand                                        | Comédie
 792 | L' Ecole des mères                                            | Pierre-Claude Nivelle de La Chaussée                                   | Comédie
 793 | L' Esprit follet ou La Dame invisible                         | Noël Lebreton de Hauteroche                                            | Comédie
 794 | Iphigenie en Tauride                                          | Claude Guimond de la Touche                                            | Tragédie
 795 | Zelmire                                                       | Pierre-Laurent  Buirette dit Dormont de Belloy                         | Tragédie
 796 | La Nouveauté                                                  | Marc-Antoine Legrand / Le Grand                                        | Comédie
 797 | L' Esprit follet ou La Dame invisible                         | Charles Collé                                                          | Comédie
 798 | Caïus Marcius Coriolan ou le danger d'offenser un grand homme | Paul-Philippe  Gudin de La Brenellerie                                 | Tragédie
 799 | Le Retour Imprévu                                             | Jean-François Regnard                                                  | Comédie
 800 | Les Paniers ou La vieille prétieuse                           | Marc-Antoine Legrand / Le Grand                                        | Comédie
 801 | L' Homme à bonne fortune                                      | Michel Boiron / Boyron                                                 | Comédie
 802 | Zaïre                                                         | François-Marie Arouet dit Voltaire                                     | Tragédie
 803 | Le Deuil                                                      | Thomas Corneille                                                       | Comédie
 804 | Dupuis et Desronais                                           | Charles Collé                                                          | Comédie
 805 | les Amants Généreux                                           | Marc-Antoine-Jacques Rochon de Chabannes                               | Comédie
 806 | Le Mari Retrouvé                                              | Florent Carton dit Dancourt                                            | Comédie
 807 | L' Ecole des maris                                            | Jean-Baptiste Poquelin dit Molière                                     | Comédie
 808 | le Philosophe sans le savoir                                  | Michel-Jean Sedaine                                                    | Comédie
 809 | Crispin Rival de sons maître                                  | Alain-René le Sage / Lesage                                            | Comédie
 810 | L' Epoux par supercherie                                      | Louis de Boissy                                                        | Comédie
 811 | Le Celibataire                                                | Claude-Joseph Dorat                                                    | Comédie
 812 | Les Moeurs du temps                                           | Bernard-Joseph  Saurin                                                 | Comédie
 813 | Le Barbier de Séville ou la Précaution inutile                | Pierre-Augustin Caron de Beaumarchais                                  | Comédie
 814 | Amphityrion                                                   | Jean-Baptiste Poquelin dit Molière                                     | Comédie
 815 | Le Menteur                                                    | Charles Collé                                                          | Comédie
 816 | Le Comte d’Essex                                              | Thomas Corneille                                                       | Tragédie
 817 | La Jeune indienne                                             | Sébastien-Roch-Nicholas de Chamfort                                    | Comédie
 818 | L' Orphelin de la Chine                                       | François-Marie Arouet dit Voltaire                                     | Tragédie
 819 | Le Naufrage ou la Pompe funèbre de Crispin                    | Joseph de la Font                                                      | Comédie
 820 | Roméo et Juliette                                             | Jean-François  Ducis                                                   | Tragédie
 821 | Roméo et Juliette                                             | Jean-François Ducis                                                    | Tragédie
 822 | L' Oracle                                                     | Germain-François Poullain de Saint-Foix                                | Comédie
 823 | La Coquette corigée                                           | Jean-Baptiste-Sauvé                                                    | Comédie
 824 | Le Naufrage de Crispin                                        | Joseph de la Font                                                      | Comédie
 825 | La Rupture ou le Malentendu                                   | Mme de Lorme                                                           | Comédie
 826 | La Surprise de l’amour                                        | Pierre Carlet de Chamblain de Marivaux                                 | Comédie
 827 | L’Homme à bonne fortune                                       | Michel Boiron / Boyron                                                 | Comédie
 828 | Le Naufrage ou La Pompe funèbre de Crispin                    | Joseph de la Font                                                      | Comédie
 143 | Le Vindicatif                                                 | Gérard Dudoyer de Gastels                                              | drame
 829 | Le Malheureux imaginaire                                      | Claude-Joseph Dorat                                                    | Comédie
 830 | Le Malheureux Imaginaire                                      | Claude-Joseph Dorat                                                    | Comédie
 831 | Oreste                                                        | François-Marie Arouet dit Voltaire                                     | Tragédie
 832 | Le Barbier de Seville                                         | Pierre-Augustin Caron de Beaumarchais                                  | Comédie
 833 | Monsieur de Pourceaugnac                                      | Jean-Baptiste Poquelin dit Molière                                     | Comédie
 834 | Le français à Londres                                         | Louis de Boissy                                                        | Comédie
 835 | Le Festin de pierre                                           | Thomas Corneille; Jean-Baptiste Poquelin dit Molière                   | Comédie
 836 | Deucalion et Pyrrha                                           | Germain-François Poullain de Saint-Foix                                | Comédie
 837 | Deucalion et Pyrrha                                           | Germain-François Poullain de Saint-Foix                                | Comédie
 838 | Le Festin de Pierre                                           | Thomas Corneille                                                       | Comédie
 839 | L' Etourderie                                                 | Christophe-Barthélémy Fagan de Lugny                                   | Comédie
 840 | Colin Maillard                                                | Florent Carton dit Dancourt                                            | Comédie
 841 | Le Galant Jardinier                                           | Florent Carton dit Dancourt                                            | Comédie
 842 | Don Japhet d'Arménie                                          | Paul Scarron                                                           | Comédie
 843 | La Cavalcade                                                  | Inconnu                                                                | Divertissement
 844 | Don Japhet D’Arménie                                          | Paul Scarron                                                           | Comédie
 845 | Les Méchant                                                   | Jean-Baptiste-Louis Gresset                                            | Comédie
 846 | Don Japhet d’Arménie                                          | Paul Scarron                                                           | Comédie
 847 | Le Chevalier à la mode                                        | Marc-Antoine Legrand / Le Grand                                        | Comédie
 848 | Le Complaisant                                                | Antoine de Fériol de Pont-de-Veyle                                     | Comédie
 849 | Le Cocher Supposé                                             | Noël Lebreton de Hauteroche                                            | Comédie
 850 | L’Épreuve réciproque                                          | Marc-Antoine Legrand / Le Grand                                        | Comédie
 851 | L’Avare                                                       | Jean-Baptiste Poquelin dit Molière                                     | Comédie
 852 | L' Amour médecin                                              | Jean-Baptiste Poquelin dit Molière                                     | Comédie
  30 | Hypermnestre                                                  | Antoine-Marin Le Mierre                                                | tragédie
  90 | Le Centenaire de Molière                                      | Jean-Baptiste Artaud                                                   | comédie
  91 | Le Cercle ou la Soirée à la mode                              | Antoine-Alexandre-Henri Poinsinet                                      | comédie
 223 | Les Muses rivales                                             | Jean-François de la Harpe                                              | comédie
 231 | Les Carosses d'Orleans                                        | Jean de la Chapelle                                                    | comédie
 217 | Zaïre                                                         | François-Marie Arouet dit Voltaire                                     | tragédie
   2 | Adélaïde du Guesclin                                          | François-Marie Arouet dit Voltaire                                     | tragédie
   4 | Alzire ou les Américains                                      | François-Marie Arouet dit Voltaire                                     | tragédie
  12 | Brutus                                                        | François-Marie Arouet dit Voltaire                                     | tragédie
 892 | Le Chevalier à la mode                                        | Florent Carton; de Saint-Yon / Saintyon / Sainctyon                    | comédie
 184 | Sémiramis                                                     | François-Marie Arouet dit Voltaire                                     | tragédie
 186 | Sophonisbe                                                    | François-Marie Arouet dit Voltaire                                     | tragédie
 212 | Pygmalion                                                     | Jean-Jacques Rousseau                                                  | comédie
 755 | Les Soubrettes                                                | Laujon                                                                 | comédie en 5 actes
 853 | Le Chevalier à la mode                                        | Florent Carton; de Saint-Yon / Saintyon / Sainctyon                    | comédie
 854 | L'Homme à bonne fortune                                       | Michel Boiron / Boyron                                                 | comédie
 174 | Monsieur de Pourceaugnac                                      | Jean-Baptiste Poquelin dit Molière                                     | comédie
 893 | L'Ecole des maris                                             | Jean-Baptiste Poquelin                                                 | comédie
 856 |                                                               |                                                                        | 
 211 | George Dandin ou le Mari confondu                             |  Jean-Baptiste Poquelin dit Molière                                    | comédie
 171 | Mélanide                                                      | Pierre-Claude Nivelle de La Chaussée                                   | comédie
  31 | Iphigénie                                                     | Jean Racine                                                            | tragédie
  32 | Iphigénie en Tauride                                          | Claude Guimond de la Touche                                            | tragédie
 857 | Tancrède                                                      | François-Marie d'Arouet                                                | tragédie
 858 | Le Dissipateur ou l'Honnête friponne                          | Philippe Néricault                                                     | comédie
 859 | L'Enfant prodigue ou L'Ecole de la jeunesse                   | François-Marie d'Arouet                                                | comédie
 185 | Somnambule                                                    | Antoine de Fériol de Pont-de-Veyle                                     | comédie
 225 | Le Sicilien ou l' Amour peintre                               |  Jean-Baptiste Poquelin dit Molière                                    | comédie
 860 | Mahomet ou le Fanatisme                                       | François-Marie d'Arouet                                                | tragédie
 861 | Le Glorieux                                                   | Philippe Néricault                                                     | comédie
 862 | Les Vendanges de Suresnes                                     | Florent Carton                                                         | comédie
 210 | Le Tambour nocturne ou le Mari devin                          | Philippe Néricault dit Destouches                                      | comédie
 216 | Zélémide                                                      | Abbé Claude-Henri de Fusée de Voisenon                                 | 
 863 | L'Ecole des femmes                                            | Jean-Baptiste Poquelin                                                 | comédie
 864 | Le Médecin malgré lui                                         | Jean-Baptiste Poquelin                                                 | comédie
 865 | Alzire ou les Américains                                      | François-Marie d'Arouet                                                | tragédie
 866 | L'Eté des coquettes                                           | Florent Carton                                                         | comédie
 215 | La Reprise de Toulon ou Les Patriotes provinciaux             | André Pépin Bellement                                                  | 
 894 | La Coquette et la fausse prude                                | Michel Boiron / Boyron                                                 | comédie
 867 | Mérope ou La Mérope française                                 | François-Marie d'Arouet                                                | tragédie
 868 | Sémiramis                                                     | François-Marie d'Arouet                                                | tragédie
 869 | L'Etourdi ou Les Contretemps                                  | Jean-Baptiste Poquelin                                                 | comédie
 870 | Les Précieuses ridicules                                      | Jean-Baptiste Poquelin                                                 | comédie
 871 | Le Charivari                                                  | Florent Carton                                                         | comédie
 872 | Nanine, ou le préjugé vaincu                                  | François-Marie d'Arouet                                                | comédie
 206 | Le Magnifique                                                 | Antoine Houdar / Houdard de La Motte / La Mothe                        | comédie
 238 | Arlequin Pygmalion ou La Bague enchantée                      | Arnaud Berquin; Jean-Jacques Rousseau                                  | musique, scène
 895 | Le Philosophe marié ou le Mari honteux de l'être              | Philippe Néricault                                                     | comédie
 873 | Le Mari retrouvé                                              | Florent Carton                                                         | comédie
 874 | Adélaïde du Guesclin                                          | François-Marie d'Arouet                                                | tragédie
 190 | Turcaret                                                      | Alain-René le Sage / Lesage                                            | comédie
 221 | unidentified                                                  | unidentified                                                           | unidentified
 875 | Les Curieux de Compiègne                                      | Florent Carton                                                         | comédie
  33 | L'Amour à Tempé                                               | Chaumont                                                               | pastorale
 876 | Les Trois cousines                                            | Florent Carton                                                         | comédie
 877 | Le Médecin malgré lui                                         | Jean-Baptiste Poquelin                                                 | comédie
 878 | Le Café ou l'Ecossaise                                        | François-Marie d'Arouet                                                | comédie
 879 | Tartuffe                                                      | Jean-Baptiste Poquelin                                                 | comédie
 880 | Le Tuteur amoureux                                            | Florent Carton                                                         | comédie
 881 | L'Avare                                                       | Jean-Baptiste Poquelin                                                 | comédie
 882 | Les Femmes savantes                                           | Jean-Baptiste Poquelin                                                 | comédie
 883 | Les Vacances                                                  | Florent Carton                                                         | comédie
 884 | La Comtesse d'Escarbagnas                                     | Jean-Baptiste Poquelin                                                 | comédie
 885 | Les Bourgeoises de qualité                                    | Florent Carton                                                         | comédie
 886 | L'Ecole des femmes                                            | Jean-Baptiste Poquelin                                                 | comédie
 192 | Zénéïde                                                       | Louis de Cahusac                                                       | comédie
 887 | Les Fourberies de Scapin                                      | Jean-Baptiste Poquelin                                                 | comédie
 888 | Le Dépit amoureux                                             | Jean-Baptiste Poquelin                                                 | comédie
 889 | L'Orphelin de la Chine                                        | François-Marie d'Arouet                                                | tragédie
 890 | La Fausse Agnès ou le Poète campagnard                        | Philippe Néricault                                                     | comédie
 891 | Le Festin de Pierre                                           | Thomas Corneille; Jean-Baptiste Poquelin                               | comédie
 896 | Oedipe                                                        | François-Marie d'Arouet                                                | tragédie
 897 | Le Baron d'Albikrac                                           | Pierre Corneille                                                       | comédie
 898 | Colin-Maillard                                                | Florent Carton                                                         | comédie
 899 | Le Misanthrope                                                | Jean-Baptiste Poquelin                                                 | comédie
 900 | Démocrite amoureux                                            | Jean-Baptiste Poquelin                                                 | comédie
 901 | Amphitryon                                                    | Jean-Baptiste Poquelin                                                 | comédie
 902 | Les Dehors trompeurs ou l'Homme du jour                       | Louis de Boissy                                                        | comédie
 903 | Les Bourgeoises à la mode                                     | Florent Carton; de Saint-Yon / Saintyon / Sainctyon                    | comédie
 904 | Le Malade imaginaire                                          | Jean-Baptiste Poquelin                                                 | comédie
 905 | Le Galant jardinier                                           | Florent Carton                                                         | comédie
 906 | Brutus                                                        | François-Marie d'Arouet                                                | tragédie
 208 | Le Préjugé à la mode                                          | Pierre-Claude Nivelle de La Chaussée                                   | comédie
 213 | La Coquette corrigée                                          | Jean-Baptiste Sauvé                                                    | comédie
 230 | Les Etrennes de l'amitié, de l'amour et de la nature          | Louis-François Archambault                                             | comédie
 263 | Le Droit du seigneur                                          | François-Marie Arouet dit Voltaire                                     | comédie
 907 | Didon                                                         | Jean-Jacques le Franc de Pompignan                                     | tragédie
 278 | L'Orphelin anglais ou le Menuisier de Londres                 | Le marquis Charles-Henri de Longueil                                   | drame
 187 | Tancrède                                                      | François-Marie Arouet dit Voltaire                                     | tragédie
 229 | Irène                                                         | François-Marie Arouet dit Voltaire                                     | tragédie
 908 | Les Bourgeoises à la mode                                     | Florent Carton; de Saint-Yon / Saintyon / Sainctyon                    | comédie
  51 | L'Etourdi ou Les Contretemps                                  | Jean-Baptiste Poquelin dit Molière                                     | comédie
  52 | L'Homme à bonne fortune                                       | Michel Boiron / Boyron dit Baron                                       | comédie
  45 | L'Epreuve réciproque                                          | Robert Alain; Marc-Antoine Legrand / Le Grand                          | comédie
 909 | L’ Ile déserte                                                | Jean-Baptiste Collet de Messine                                        | comédie
  56 | L'Usurier gentilhomme                                         | Marc-Antoine Legrand / Le Grand                                        | comédie
  49 | L'Eté des coquettes                                           | Florent Carton dit Dancourt                                            | comédie
 910 | Le Moulin de Javelle                                          | Florent Carton                                                         | comédie
 911 | Le Triple mariage                                             | Philippe Néricault                                                     | comédie
  53 | L'Impromptu de campagne                                       | Philippe Poisson                                                       | comédie
 912 | Le Grondeur                                                   | Jean-François Regnard                                                  | comédie
 269 | La Fête de village                                            | François-Georges Fouques Deshayes dit Desfontaines                     |  intermède, musique, vers
 913 | Le Réconciliation normande                                    | Charles du Fresny / Dufresny                                           | comédie
 251 | Jodelet ou le Maître valet                                    | Paul Scarron                                                           | comédie
 276 | Le Médecin de l'amour                                         | Louis Anseaume; Pierre-Augustin Lefèvre de Marcouville dit Marcouville | musique, opéra comique, vaudeville, vers
 914 | L’ Andrienne                                                  | Michel Boiron / Boyron                                                 | comédie
 915 | Attendez-moi sous l’orme                                      | Jean-François Regnard                                                  | comédie
 916 | L'Epreuve réciproque                                          | Marc-Antoine Legrand / Le Grand                                        | comédie
 917 | Dom Juan ou Le Festin de Pierre                               | Jean-Baptiste Poquelin                                                 | comédie
 918 | L’ Irrésolu                                                   | Philippe Néricault                                                     | comédie
 919 | L'Anglomane ou l'Orpheline léguée                             | Bernard-Joseph Saurin                                                  | comédie
 920 | Sophonisbe                                                    | François-Marie d'Arouet                                                | tragédie
 921 | Monsieur de Pourceaugnac                                      | Jean-Baptiste Poquelin                                                 | comédie
 922 | Les Noms changés ou l'indifférent corrigé                     | Pierre Nicolas Brunet Debaines                                         | comédie
 923 | L’ Indiscret                                                  | François-Marie d'Arouet                                                | comédie
 924 | Manlius Capitolinus                                           | Antoine de la Fosse d'Aubigny                                          | tragédie
 925 | L’ Etourderie                                                 | Christophe-Barthélémy Fagan de Lugny                                   | comédie
 926 | Les Amazones modernes ou le Triomphe des dames                | Marc-Antoine Legrand / Le Grand                                        | comédie
 927 | L’ Epoux par supercherie                                      | Louis de Boissy                                                        | comédie
  47 | L'Esprit de contradiction                                     | Charles du Fresny / Dufresny                                           | comédie
  48 | L'Esprit follet ou La Dame invisible                          | Noël Lebreton de Hauteroche                                            | comédie
  54 | L'Oracle                                                      | Germain-François Poullain de Saint-Foix                                | comédie
  94 | Le Cid                                                        | Pierre Corneille                                                       | tragédie
  97 | Le Comte de Warwick                                           | Jean-François de la Harpe                                              | tragédie
 138 | Le Siège de Calais                                            | Pierre-Laurent Buirette                                                | tragédie
 149 | Les Chérusques                                                | Jean-Grégoire  Bauvin                                                  | tragédie
 168 | Manlius Capitolinus                                           | Antoine de la Fosse dAubigny                                           | tragédie
 169 | Médée                                                         | Hilaire-Bernard de Requeleyne, baron de Longepierre                    | tragédie
 170 | Médée                                                         | Pierre Corneille                                                       | tragédie
 173 | Mithridate                                                    | Jean Racine                                                            | tragédie
 176 | Nicomède                                                      | Pierre Corneille                                                       | tragédie
 178 | Orphanis                                                      | Adrien-Michel-Hyacinthe Blin de Sainmore                               | tragédie
 179 | Phèdre et Hippolyte                                           | Jean Racine                                                            | tragédie
 180 | Polyeucte martyr                                              | Pierre Corneille                                                       | tragédie
 241 | Atrée et Thyeste                                              | Prosper Jolyot de Crébillon dit Crébillon père                         | tragédie
 336 | Le Rendez-vous ou l'amour supposé                             | Christophe-Barthélémy Fagan de Lugny                                   | comédie
 244 | Horace                                                        | Pierre Corneille                                                       | tragédie
 321 | La Surprise de l'amour                                        | Pierre Carlet de Chamblain de Marivaux                                 | comédie
 181 | Régulus                                                       | Claude-Joseph Dorat                                                    | tragédie
 182 | Rhadamiste et Zénobie                                         | Prosper Jolyot de Crébillon                                            | tragédie
 183 | Rodogune, Princesse des Parthes                               | Pierre Corneille                                                       | tragédie
 189 | Térée et Philomèle                                            | Antoine Renou                                                          | tragédie
 191 | Venceslas                                                     | Jean de Rotrou                                                         | tragédie
 205 | Mustapha et Zéangir                                           | Sébastien-Roch-Nicolas de Chamfort                                     | tragédie
 227 | Gabrielle de Vergy                                            | Pierre-Laurent Buirette                                                | tragédie
 234 | Beverlei                                                      | Bernard-Joseph Saurin                                                  | tragédie
 245 | Pierre le Grand                                               | Joseph-Gaspard Dubois-Fontanelle                                       | tragédie
 272 | Inès de Castro                                                | Antoine Houdar / Houdard de La Motte / La Mothe                        | tragédie
 277 | Oedipe chez Admète                                            | Jean-François Ducis                                                    | tragédie
 315 | Tartuffe ou L'Imposteur                                       | Jean-Baptiste Poquelin dit Molière                                     | comédie
 326 | Warwick                                                       | Louis de Cahusac                                                       | tragédie
 334 | Les Arsacides                                                 | Peyraud de Beaussol                                                    | tragédie
 347 | Le Comte d'Essex                                              | Thomas Corneille                                                       | tragédie
 391 | Loredan                                                       | Joseph-Gaspard Dubois-Fontanelle                                       | tragédie
 393 | Blanche et Guiscard                                           | Bernard-Joseph Saurin                                                  | tragédie
 124 | Le Médecin par occasion                                       | Louis de Boissy                                                        | comédie
 125 | Le Menteur                                                    | Pierre Corneille                                                       | comédie
 126 | Le Mercure galant ou la Comédie sans titre                    | Edme Boursault                                                         | comédie
 129 | Le Muet                                                       | David-Augustin de Brueys; Jean de Palaprat, seigneur de Bigot          | comédie
 338 | La Serénade                                                   | Jean-François Regnard                                                  | comédie
 130 | Le Père de famille                                            | Denis Diderot                                                          | comédie
 172 | Mérope ou La Mérope française                                 | François-Marie Arouet dit Voltaire                                     | tragédie
  55 | L'Orphelin de la Chine                                        | François-Marie Arouet dit Voltaire                                     | tragédie
 287 | Œdipe                                                         | François-Marie Arouet dit Voltaire                                     | tragédie
 260 | Agathocle                                                     | François-Marie Arouet dit Voltaire                                     | tragédie
 266 | Rome sauvée, ou Catilina                                      | François-Marie Arouet dit Voltaire                                     | tragédie
 123 | Le Médecin malgré lui                                         | Jean-Baptiste Poquelin dit Molière                                     | comédie
 127 | Le Misanthrope                                                | Jean-Baptiste Poquelin dit Molière                                     | comédie
 128 | Le Moulin de Javelle                                          | Florent Carton dit Dancourt                                            | comédie
 727 | La Coquette de village ou le lot supposé                      | Charles du Fresny / Dufresny                                           | comédie
 403 | Zuma                                                          | Pierre-François-Alexandre le Fèvre                                     | tragédie
 442 | Zelmire                                                       | Pierre-Laurent Buirette  dit Dormont de Belloy                         | tragédie
  71 | La Femme juge et partie                                       | Antoine Jacob Montfleury                                               | comédie
  72 | La Gageure imprévue                                           | Michel-Jean Sedaine                                                    | comédie
  73 | La Gouvernante                                                | Pierre-Claude Nivelle de La Chaussée                                   | comédie
  74 | La Jeune indienne                                             | Sébastien-Roch-Nicholas de Chamfort                                    | comédie
  75 | La Manie des arts ou la Matinée à la mode                     | Marc-Antoine-Jacques Rochon de Chabannes                               | comédie
  79 | La Partie de chasse de Henri IV                               | Charles Collé                                                          | comédie
  80 | La Pupille                                                    | Christophe-Barthélémy Fagan de Lugny                                   | comédie
  81 | La Réconciliation normande                                    | Charles du Fresny / Dufresny                                           | comédie
  82 | La Sérénade                                                   | Jean-François Regnard                                                  | comédie
 402 | Le Chevalier français à Turin                                 | Claude-Joseph  Dorat                                                   | comédie
 167 | Mahomet ou le Fanatisme                                       | François-Marie Arouet dit Voltaire                                     | tragédie
  76 | La Métamorphose amoureuse                                     | Marc-Antoine Legrand / Le Grand                                        | comédie
  78 | La Nouveauté                                                  | Marc-Antoine Legrand / Le Grand                                        | comédie
 706 | Les Poupées                                                   | Marc-Antoine Legrand / Le Grand                                        | comédie
 343 | Le Mariage clandestin                                         | Pierre-René Le Monnier / Lemonnier                                     | comédie
 100 | Le Dépit amoureux                                             | Jean-Baptiste Poquelin dit Molière                                     | comédie
 105 | Le Festin de Pierre                                           | Thomas Corneille; Jean-Baptiste Poquelin dit Molière                   | comédie
 118 | Le Malade imaginaire                                          | Jean-Baptiste Poquelin dit Molière                                     | comédie
 311 | L'Ecole des femmes                                            | Jean-Baptiste Poquelin dit Molière                                     | comédie
  57 | L'Andrienne                                                   | Michel Boiron / Boyron dit Baron                                       | comédie
 109 | Le Galant jardinier                                           | Florent Carton dit Dancourt                                            | comédie
 120 | Le Mari retrouvé                                              | Florent Carton dit Dancourt                                            | comédie
  62 | L'Irrésolu                                                    | Philippe Néricault dit Destouches                                      | comédie
 111 | Le Glorieux                                                   | Philippe Néricault dit Destouches                                      | comédie
 387 | Le Philosophe marié ou le Mari honteux de l'être              | Philippe Néricault dit Destouches                                      | comédie
  84 | Le Babillard                                                  | Louis de Boissy                                                        | comédie
  85 | Le Barbier de Séville ou la Précaution inutile                | Pierre-Augustin Caron de Beaumarchais                                  | comédie
  60 | L'Ile déserte                                                 | Jean-Baptiste Collet de Messine                                        | comédie
  95 | Le Cocher supposé                                             | Noël Lebreton de Hauteroche                                            | comédie
  98 | Le Consentement forcé                                         | Michel Guyot de Merville                                               | comédie
  99 | Le Dédit                                                      | Charles du Fresny / Dufresny                                           | comédie
 102 | Le Distrait                                                   | Jean-François Regnard                                                  | comédie
 103 | Le Fat puni                                                   | Antoine de Fériol de Pont-de-Veyle                                     | comédie
 104 | Le Faux savant                                                | Jacques du Vaure                                                       | comédie
 106 | Le Florentin                                                  | Charles Chevillet; Jean de La Fontaine                                 | comédie
 107 | Le Français à Londres                                         | Louis de Boissy                                                        | comédie
 110 | Le Gâteau des rois ou Monsieur Petau                          | Barthélémy Imbert                                                      | comédie
 113 | Le Grondeur                                                   | David-Augustin de Brueys; Jean de Palaprat, seigneur de Bigot          | comédie
 114 | Le Jaloux désabusé                                            | Jean-Galbert de Campistron                                             | comédie
 115 | Le Joueur                                                     | Jean-François Regnard                                                  | comédie
 116 | Le Légataire universel                                        | Jean-François Regnard                                                  | comédie
 117 | Le Legs                                                       | Pierre Carlet de Chamblain de Marivaux                                 | comédie
 119 | Le Marchand de Smyrne                                         | Sébastien-Roch-Nicholas de Chamfort                                    | comédie
 121 | Le Mariage fait et rompu                                      | Charles du Fresny / Dufresny                                           | comédie
 122 | Le Méchant                                                    | Jean-Baptiste-Louis Gresset                                            | comédie
 383 | Le Double Veuvage                                             | Charles du Fresny / Dufresny                                           | comédie
 385 | Le Baron d'Albikrac                                           | Thomas Corneille                                                       | comédie
 132 | Le Philosophe sans le savoir                                  | Michel-Jean Sedaine                                                    | comédie
 133 | Le Préjugé vaincu                                             | Pierre Carlet de Chamblain de Marivaux                                 | comédie
 136 | Le Retour imprévu                                             | Jean-François Regnard                                                  | comédie
 137 | Le Sage étourdi                                               | Louis de Boissy                                                        | comédie
 139 | Le Somnambule                                                 | Antoine de Fériol de Pont-de-Veyle                                     | comédie
 142 | Le Tuteur dupé                                                | Jean-François Cailhava d’Estendoux                                     | comédie
 144 | Les Amants généreux                                           | Marc-Antoine-Jacques Rochon de Chabannes                               | comédie
 152 | Les Etrennes de l’amour                                       | Jean-François Cailhava d’Estendoux                                     | comédie
 153 | Les Fausses infidélités                                       | Nicolas-Thomas Barthe                                                  | comédie
 159 | Les Noms changés ou l'Indifférent corrigé                     | Pierre Nicolas Brunet Debaines                                         | comédie
 155 | Les Folies amoureuses                                         | Jean-François Regnard                                                  | comédie
 157 | Les Ménechmes ou les Jumeaux                                  | Jean-François Regnard                                                  | comédie
 158 | Les Moeurs du temps                                           | Bernard-Joseph Saurin                                                  | comédie
 160 | Les Originaux                                                 | Christophe-Barthélémy Fagan de Lugny                                   | comédie
 161 | Les Plaideurs                                                 | Jean Racine                                                            | comédie
 164 | Les Trois frères rivaux                                       | Joseph de la Font                                                      | comédie
  36 | L'Anglomanie                                                  | Bernard-Joseph Saurin                                                  | comédie
  39 | L'Avocat Patelin                                              | David-Augustin de Brueys; Jean de Palaprat, seigneur de Bigot          | comédie
  42 | L'Ecole des mères                                             | Pierre-Claude Nivelle de La Chaussée                                   | comédie
  44 | L'Epoux par supercherie                                       | Louis de Boissy                                                        | comédie
 204 | L'Egoïsme                                                     |  Jean-François Cailhava d'Estendoux                                    | comédie
 214 | L'Aveugle par crédulité                                       | Jean-Nicolas Fournelle                                                 | comédie
 222 | L'Ecole amoureuse                                             | Antoine Bret                                                           | comédie
 226 | L'Homme personnel                                             | Nicolas-Thomas Barthe                                                  | comédie
 279 | Le Veuvage trompeur                                           | Pierre-Antoine de La Place                                             | comédie
 145 | Les Amazones modernes ou le Triomphe des dames                | Marc-Antoine Legrand / Le Grand; Louis Fuzelier / Fuselier             | comédie
  37 | L'Avare                                                       | Jean-Baptiste Poquelin dit Molière                                     | comédie
  34 | L'Amour diable                                                | Marc-Antoine Legrand / Le Grand                                        | comédie
  38 | L'Aveugle clairvoyant                                         | Marc-Antoine Legrand / Le Grand                                        | comédie
 141 | Le Tuteur amoureux                                            | Florent Carton dit Dancourt                                            | comédie
 147 | Les Bourgeoises à la mode                                     | Florent Carton dit Dancourt; de Saint-Yon / Saintyon / Sainctyon       | comédie
 148 | Les Bourgeoises de qualité                                    | Florent Carton dit Dancourt                                            | comédie
 150 | Les Curieux de Compiègne                                      | Florent Carton dit Dancourt                                            | comédie
 163 | Les Trois cousines                                            | Florent Carton dit Dancourt                                            | comédie
 165 | Les Vacances                                                  | Florent Carton dit Dancourt                                            | comédie
 166 | Les Vendanges de Suresnes                                     | Florent Carton dit Dancourt                                            | comédie
 237 | L'Impatient                                                   | Étienne François de Lantier                                            | comédie
 257 | Le Chevalier français à Londres                               | Claude-Joseph Dorat                                                    | comédie
 259 | Le Naufrage ou la Pompe funèbre de Crispin                    | Joseph de la Font                                                      | comédie
 134 | Le Procureur arbitre                                          | Philippe Poisson                                                       | comédie
 140 | Le Triple mariage                                             | Philippe Néricault dit Destouches                                      | comédie
 255 | Le Médisant                                                   | Philippe Néricault dit Destouches                                      | comédie
 274 | Le Curieux impertinent                                        | Philippe Néricault dit Destouches                                      | comédie
 249 | L'Homme singulier                                             | Philippe Néricault dit Destouches                                      | comédie
 267 | Les Amants brouillés par Arlequin messager balourd            | Michel Procope-Couteaux                                                | comédie
 264 | Le Port de mer                                                | Nicolas Boindin; Antoine Houdar / Houdard de La Motte / La Mothe       | comédie
 297 | Les Dehors trompeurs ou l' Homme du jour                      | Louis de Boissy                                                        | comédie
 344 | Le Deuil                                                      | Thomas Corneille                                                       | comédie
 289 | La Comtesse d'Escarbagnas                                     | Jean-Baptiste Poquelin dit Molière                                     | comédie
 355 | La Métromanie ou le Poète                                     | Alexis Piron                                                           | comédie
 362 | Sidney                                                        | Jean-Baptiste-Louis Gresset                                            | comédie
 318 | Le Café ou l'Ecossaise                                        | François-Marie Arouet dit Voltaire                                     | comédie
 396 | Abdolonyme ou le roi berger                                   | Jean-Baptiste Collet de Messine                                        | comédie
 351 | L'Anglais à Bordeaux                                          | Charles-Simon Favart                                                   | comédie
 339 | L'Étourderie                                                  | Christophe-Barthélémy Fagan de Lugny                                   | comédie
 356 | Le Célibataire                                                | Claude-Joseph Dorat                                                    | comédie
 292 | Le Dissipateur ou l'Honnête friponne                          | Philippe Néricault dit Destouches                                      | comédie
 358 | Le Galant coureur ou l'Ouvrage d'un moment                    | Marc-Antoine Legrand / Le Grand                                        | comédie
 380 | L'Impertinent ou le billet perdu                              | Joseph-François-Edouard de Corsembleu dit Desmahis                     | comédie
 390 | Les Valets maîtres de la maison ou le tour de carnaval        | Marc-Antoine-Jacques Rochon de Chabannes                               | comédie
 365 | L'Épreuve Réciproque                                          | Marc-Antoine Legrand / Le Grand                                        | comédie
 290 | Le Chevalier à la mode                                        | Florent Carton dit Dancourt                                            | comédie
 250 | L'Avare amoureux                                              | Jean du Mas d'Aigueberre / Ayguebere                                   | comédie
 929 | Phèdre et Hippolyte                                           | Jean-Baptiste Poquelin dit Molière                                     | comédie
 930 | Le Siège de Calais                                            | Florent Carton dit Dancourt                                            | comédie
 931 | Le Glorieux                                                   | Marc-Antoine Legrand / Le Grand                                        | comédie
 932 | Turcaret                                                      | François-Marie Arouet dit Voltaire                                     | tragédie
 933 | Turcaret                                                      | Jean Racine                                                            | tragédie
(449 rows)

